,label,leftPaddle_y,ball_x,ball_y,ball_dx,ball_dy,ball_x_prev,ball_y_prev,user
0,down,210.0,199.425816,311.36835319999994,167.084,167.084,191.081616,303.02415319999994,joey
1,down,210.0,199.425816,311.36835319999994,167.084,167.084,191.081616,303.02415319999994,ion
2,down,319.494,293.046504,404.9890412,171.50799999999998,171.50799999999998,284.652216,396.59475319999996,joey
3,up,319.494,293.046504,404.9890412,171.50799999999998,171.50799999999998,284.652216,396.59475319999996,ion
4,down,339.29400000000004,310.237304,422.17984119999994,172.308,172.308,301.288104,413.2306412,joey
5,stop,339.29400000000004,310.237304,422.17984119999994,172.308,172.308,301.288104,413.2306412,ion
6,down,359.094,327.508104,439.45064119999995,173.108,173.108,318.862704,430.80524119999995,joey
7,stop,359.094,327.508104,439.45064119999995,173.108,173.108,318.862704,430.80524119999995,ion
8,down,369.19199999999995,336.347016,448.28955319999994,173.516,173.516,327.508104,439.45064119999995,joey
9,down,369.19199999999995,336.347016,448.28955319999994,173.516,173.516,327.508104,439.45064119999995,ion
10,stop,388.596,353.39,463.0,174.3,-174.3,344.337216,456.27975319999996,joey
11,up,388.596,486.184704,330.50487200000003,180.292,-180.292,477.71981600000004,338.952088,joey
12,stop,388.596,486.184704,330.50487200000003,180.292,-180.292,477.71981600000004,338.952088,ion
13,up,278.904,587.294136,229.61908799999998,184.72400000000002,-184.72400000000002,577.146416,239.74260800000002,joey
14,stop,278.904,587.294136,229.61908799999998,184.72400000000002,-184.72400000000002,577.146416,239.74260800000002,ion
15,stop,170.4,556.885848,94.52905,-189.108,-282.25,566.123328,108.33048799999999,joey
16,up,170.4,556.885848,94.52905,-189.108,-282.25,566.123328,108.33048799999999,ion
17,down,170.4,490.53973600000006,30.6728,-191.9,285.04200000000003,499.72328799999997,17.0,joey
18,down,288.606,374.788016,202.26851000000002,-196.676,289.818,384.396328,188.077032,joey
19,up,288.606,374.788016,202.26851000000002,-196.676,289.818,384.396328,188.077032,ion
20,down,309.39599999999996,354.137136,232.7435,-197.516,290.658,363.982936,218.2206,joey
21,down,319.098,344.468456,246.99534599999998,-197.908,291.05,354.137136,232.7435,joey
22,down,339.096,324.479848,276.4322,-198.71599999999998,291.858,334.978088,260.974962,joey
23,down,358.89599999999996,304.608392,305.658,-199.516,292.658,315.149032,290.158362,joey
24,down,368.598,294.84171200000003,320.007846,-199.908,293.05,304.608392,305.658,joey
25,down,387.80400000000003,275.450736,348.47133199999996,-200.68400000000003,293.82599999999996,285.654408,333.49661000000003,joey
26,stop,387.80400000000003,275.450736,348.47133199999996,-200.68400000000003,293.82599999999996,285.654408,333.49661000000003,joey
27,up,387.80400000000003,234.428128,408.5783,-202.31599999999997,295.45799999999997,245.3182,392.635232,joey
28,up,269.202,112.04556799999999,343.700464,-207.108,-300.25,122.988584,359.580006,joey
29,up,259.302,101.700168,328.697964,-207.50799999999998,-300.65,112.04556799999999,343.700464,joey
30,up,239.304,80.742056,298.33251,-208.31599999999997,-301.45799999999997,91.956128,314.57625,joey
31,up,220.296,60.743736,269.392558,-209.084,-302.226,70.54417600000001,283.570672,joey
32,down,220.296,60.743736,269.392558,-209.084,-302.226,70.54417600000001,283.570672,ion
33,up,210.59400000000002,50.508224,254.593088,-209.476,-302.618,60.743736,269.392558,joey
34,up,190.2,28.9322,223.42343799999998,-210.3,-303.442,39.835352,239.16997400000002,joey
35,up,190.2,28.9322,223.42343799999998,-210.3,-303.442,39.835352,239.16997400000002,ion
36,up,170.00400000000002,17.0,192.472354,211.11599999999999,-152.129,18.217304000000002,207.9583,joey
37,down,170.00400000000002,17.0,192.472354,211.11599999999999,-152.129,18.217304000000002,207.9583,ion
38,up,160.30200000000002,27.354288,185.027637,211.50799999999998,-152.52100000000002,17.0,192.472354,joey
39,up,140.7,48.332784000000004,169.928158,212.3,-153.313,37.304,177.867986,joey
40,up,120.70200000000001,69.815888,154.443581,213.108,-154.121,59.3832,161.966698,joey
41,stop,120.70200000000001,69.815888,154.443581,213.108,-154.121,59.3832,161.966698,joey
42,down,120.70200000000001,320.62472,58.068225,222.324,163.33700000000002,308.63088799999997,49.259691,joey
43,stop,120.70200000000001,320.62472,58.068225,222.324,163.33700000000002,308.63088799999997,49.259691,ion
44,stop,199.11,409.292288,123.37694099999999,225.49200000000002,166.505,397.8026,114.89558999999998,joey
45,stop,199.11,409.292288,123.37694099999999,225.49200000000002,166.505,397.8026,114.89558999999998,ion
46,down,199.11,565.5083440000001,328.76684,-235.084,176.097,577.2325440000001,319.97199,joey
47,down,308.802,434.267952,427.552242,-239.516,180.52900000000002,447.405032,417.635247,joey
48,down,308.802,434.267952,427.552242,-239.516,180.52900000000002,447.405032,417.635247,ion
49,down,328.20599999999996,410.795528,445.2825,-240.3,181.313,423.25867999999997,435.86504,joey
50,stop,328.20599999999996,410.795528,445.2825,-240.3,181.313,423.25867999999997,435.86504,ion
51,down,347.61,387.246144,463.0,-241.084,-182.097,399.270344,453.99474000000004,joey
52,down,358.30199999999996,374.239272,453.178426,-241.516,-182.52900000000002,387.246144,463.0,joey
53,stop,358.30199999999996,374.239272,453.178426,-241.516,-182.52900000000002,387.246144,463.0,ion
54,stop,367.41,363.13800000000003,444.790556,-241.88400000000001,-182.89700000000002,374.239272,453.178426,joey
55,down,367.41,363.13800000000003,444.790556,-241.88400000000001,-182.89700000000002,374.239272,453.178426,ion
56,up,367.41,363.13800000000003,444.790556,-241.88400000000001,-182.89700000000002,374.239272,453.178426,joey
57,stop,367.41,363.13800000000003,444.790556,-241.88400000000001,-182.89700000000002,374.239272,453.178426,ion
58,up,248.21400000000003,216.316152,333.478882,-246.7,-187.713,228.86664,343.021033,joey
59,up,229.00799999999998,192.386256,315.270725,-247.476,-188.489,204.237456,324.290549,joey
60,down,229.00799999999998,192.386256,315.270725,-247.476,-188.489,204.237456,324.290549,ion
61,up,218.514,179.281264,305.292044,-247.9,-188.91299999999998,192.386256,315.270725,joey
62,stop,208.812,167.143768,296.044911,-248.292,-189.305,179.281264,305.292044,joey
63,down,208.812,167.143768,296.044911,-248.292,-189.305,179.281264,305.292044,ion
64,up,208.812,117.156296,257.913826,-249.9,-190.91299999999998,129.37258400000002,267.23975099999996,joey
65,up,100.30799999999999,42.3884,162.035984,254.28400000000002,-98.0485,29.6842,166.908409,joey
66,stop,80.31,68.11188800000001,152.1330895,255.092,-98.8565,55.1126,157.143559,joey
67,stop,80.31,68.11188800000001,152.1330895,255.092,-98.8565,55.1126,157.143559,ion
68,down,80.31,446.938688,27.8975735,266.70799999999997,110.4725,433.613288,22.3839485,joey
69,stop,129.414,513.328288,55.540769499999996,268.692,112.4565,500.440288,50.1520735,joey
70,down,129.414,513.328288,55.540769499999996,268.692,112.4565,500.440288,50.1520735,ion
71,down,129.414,594.295888,89.63771949999999,271.092,114.8565,580.751288,83.9048945,joey
72,up,129.414,594.295888,89.63771949999999,271.092,114.8565,580.751288,83.9048945,ion
73,stop,248.412,499.56359199999997,133.9405392,-275.9,61.63625,513.8779440000001,130.7462702,joey
74,up,248.412,499.56359199999997,133.9405392,-275.9,61.63625,513.8779440000001,130.7462702,ion
75,down,248.412,457.87232800000004,143.338817,-277.108,62.84425,471.69772800000004,140.2066045,joey
76,stop,248.412,457.87232800000004,143.338817,-277.108,62.84425,471.69772800000004,140.2066045,ion
77,stop,268.014,430.43864,149.5996017,-277.9,63.63625,444.026928,146.4910295,joey
78,up,268.014,375.057392,162.42161950000002,-279.492,65.22825,389.280272,159.10538269999998,joey
79,stop,198.31799999999998,276.322336,185.8775795,-282.308,68.04425,290.407736,182.485367,joey
80,down,198.31799999999998,75.1368,269.1867702,291.48400000000004,77.22025,60.5726,265.3357577,joey
81,stop,198.31799999999998,75.1368,269.1867702,291.48400000000004,77.22025,60.5726,265.3357577,ion
82,stop,228.612,119.82748799999999,281.0951045,292.70799999999997,78.44425,104.909784,277.1048517,joey
83,stop,228.612,119.82748799999999,281.0951045,292.70799999999997,78.44425,104.909784,277.1048517,ion
84,down,228.612,325.7882,337.71398270000003,298.284,84.02025,311.181888,333.60659449999997,joey
85,stop,228.612,325.7882,337.71398270000003,298.284,84.02025,311.181888,333.60659449999997,ion
86,stop,298.704,431.88199999999995,367.9584152,301.116,86.85225,415.6334,363.2800577,joey
87,down,298.704,506.1986,389.5661327,303.084,88.82025,491.0544,385.1351202,joey
88,up,298.704,506.1986,389.5661327,303.084,88.82025,491.0544,385.1351202,ion
89,stop,357.906,597.17832,416.4809915,305.476,91.21225,583.1348879999999,412.29369199999996,joey
90,stop,357.906,597.17832,416.4809915,305.476,91.21225,583.1348879999999,412.29369199999996,ion
91,up,357.906,154.858408,354.0390935,-318.29200000000003,-104.02825,170.425904,359.1076657,joey
92,stop,338.50199999999995,123.66580800000001,343.84434100000004,-319.07599999999996,-104.81225,138.953808,348.847681,joey
93,stop,338.50199999999995,123.66580800000001,343.84434100000004,-319.07599999999996,-104.81225,138.953808,348.847681,ion
94,up,338.50199999999995,43.106384000000006,317.279382,-321.092,-106.82825,59.130984,322.59079449999996,joey
95,stop,249.6,587.987352,252.6790315,-159.876,159.876,595.951152,244.6952315,joey
96,down,249.6,587.987352,252.6790315,-159.876,159.876,595.951152,244.6952315,ion
97,down,249.6,441.21983200000005,399.8074315,-167.076,167.076,449.211832,391.7969995,joey
98,down,249.6,441.21983200000005,399.8074315,-167.076,167.076,449.211832,391.7969995,ion
99,stop,319.098,382.224176,458.9439115,-169.88400000000001,169.88400000000001,390.857048,450.29023150000006,joey
100,stop,319.098,382.224176,458.9439115,-169.88400000000001,169.88400000000001,390.857048,450.29023150000006,ion
101,up,319.098,339.774472,428.865008,-171.87599999999998,-171.87599999999998,347.655376,436.74591200000003,joey
102,down,319.098,339.774472,428.865008,-171.87599999999998,-171.87599999999998,347.655376,436.74591200000003,ion
103,up,200.1,235.27347999999998,324.364016,-176.68400000000003,-176.68400000000003,244.07768,333.16821600000003,joey
104,stop,200.1,235.27347999999998,324.364016,-176.68400000000003,-176.68400000000003,244.07768,333.16821600000003,ion
105,up,180.3,217.60508,306.69561600000003,-177.484,-177.484,226.44928,315.53981600000003,joey
106,stop,180.3,217.60508,306.69561600000003,-177.484,-177.484,226.44928,315.53981600000003,joey
107,down,180.3,217.60508,306.69561600000003,-177.484,-177.484,226.44928,315.53981600000003,ion
108,up,180.3,199.856696,288.947232,-178.28400000000002,-178.28400000000002,208.917968,298.008504,joey
109,stop,180.3,199.856696,288.947232,-178.28400000000002,-178.28400000000002,208.917968,298.008504,ion
110,up,61.302,91.50408,180.594616,-183.092,-183.092,100.81056,189.901096,joey
111,up,61.302,91.50408,180.594616,-183.092,-183.092,100.81056,189.901096,ion
112,stop,61.302,91.50408,180.594616,-183.092,-183.092,100.81056,189.901096,joey
113,down,61.302,111.15531200000001,26.5242,190.68400000000003,190.68400000000003,101.631112,17.0,joey
114,down,61.302,111.15531200000001,26.5242,190.68400000000003,190.68400000000003,101.631112,17.0,ion
115,stop,90.804,139.656032,55.024919999999995,191.87599999999998,191.87599999999998,130.4552,45.824088,joey
116,up,90.804,139.656032,55.024919999999995,191.87599999999998,191.87599999999998,130.4552,45.824088,ion
117,down,90.804,139.656032,55.024919999999995,191.87599999999998,191.87599999999998,130.4552,45.824088,joey
118,down,210.0,256.615,171.98388799999998,196.692,196.692,246.59411200000002,161.963,joey
119,down,210.0,256.615,171.98388799999998,196.692,196.692,246.59411200000002,161.963,ion
120,down,229.602,276.126712,191.4956,197.484,197.484,266.262512,181.6314,joey
121,down,239.7,286.2088,201.577688,197.892,197.892,276.126712,191.4956,joey
122,down,259.5,306.038,221.40688799999998,198.692,198.692,295.716832,211.08572,joey
123,down,279.3,325.9472,241.31608799999998,199.49200000000002,199.49200000000002,315.9826,231.351488,joey
124,down,279.3,325.9472,241.31608799999998,199.49200000000002,199.49200000000002,315.9826,231.351488,ion
125,down,289.2,335.9318,251.30068799999998,199.892,199.892,325.9472,241.31608799999998,joey
126,stop,289.2,335.9318,251.30068799999998,199.892,199.892,325.9472,241.31608799999998,ion
127,down,309.198,356.161696,271.530584,200.7,200.7,345.736112,261.105,joey
128,stop,318.9,366.0056,281.374488,201.092,201.092,356.161696,271.530584,joey
129,stop,318.9,366.0056,281.374488,201.092,201.092,356.161696,271.530584,ion
130,up,318.9,506.32575999999995,272.44273599999997,-215.5,-215.5,517.07076,283.187736,joey
131,up,200.1,375.825808,141.94278400000002,-220.3,-220.3,386.810808,152.927784,joey
132,up,190.2,364.820808,130.93778400000002,-220.7,-220.7,375.825808,141.94278400000002,joey
133,up,190.2,364.820808,130.93778400000002,-220.7,-220.7,375.825808,141.94278400000002,ion
134,up,170.202,342.530304,108.64728000000001,-221.50799999999998,-221.50799999999998,354.456744,120.57372,joey
135,up,170.202,342.530304,108.64728000000001,-221.50799999999998,-221.50799999999998,354.456744,120.57372,ion
136,up,150.798,320.822536,86.939512,-222.292,-222.292,331.464904,97.58188,joey
137,up,140.7,309.496048,75.613024,-222.7,-222.7,320.822536,86.939512,joey
138,down,140.7,309.496048,75.613024,-222.7,-222.7,320.822536,86.939512,ion
139,up,121.098,287.448848,53.565824,-223.49200000000002,-223.49200000000002,299.037984,65.15496,joey
140,down,121.098,287.448848,53.565824,-223.49200000000002,-223.49200000000002,299.037984,65.15496,ion
141,up,101.29799999999999,265.099664,31.21664,-224.292,-224.292,276.06116000000003,42.178136,joey
142,stop,91.00200000000001,253.447296,19.564272,-224.708,-224.708,265.099664,31.21664,joey
143,down,91.00200000000001,219.936208,39.55,-225.9,225.9,231.201208,28.265,joey
144,up,91.00200000000001,219.936208,39.55,-225.9,225.9,231.201208,28.265,ion
145,stop,170.4,128.868008,130.779104,-229.108,229.108,140.52130400000001,119.105,joey
146,up,170.4,128.868008,130.779104,-229.108,229.108,140.52130400000001,119.105,ion
147,down,170.4,106.18632,153.5,-229.9,229.9,117.65132,142.015,joey
148,down,170.4,106.18632,153.5,-229.9,229.9,117.65132,142.015,ion
149,stop,259.5,2.101352,227.674166,-233.5,-350.05400000000003,13.51404,244.798,joey
150,down,259.5,2.101352,227.674166,-233.5,-350.05400000000003,13.51404,244.798,ion
151,down,259.5,481.65216799999996,238.0975051,-165.12400000000002,165.12400000000002,489.87836799999997,229.8513051,joey
152,stop,318.9,431.875016,287.99470510000003,-167.524,167.524,440.221216,279.62850510000004,joey
153,stop,318.9,431.875016,287.99470510000003,-167.524,167.524,440.221216,279.62850510000004,ion
154,up,318.9,305.14597599999996,415.02018510000005,-173.484,173.484,313.44556,406.7021691,joey
155,stop,269.004,261.275736,458.99216910000007,-175.5,175.5,269.497728,450.7525051,joey
156,up,269.004,261.275736,458.99216910000007,-175.5,175.5,269.497728,450.7525051,ion
157,up,269.004,190.417968,400.732128,-178.708,-178.708,199.50086399999998,409.815024,joey
158,stop,249.204,172.547168,382.86132799999996,-179.50799999999998,-179.50799999999998,181.492568,391.80672799999996,joey
159,up,249.204,172.547168,382.86132799999996,-179.50799999999998,-179.50799999999998,181.492568,391.80672799999996,ion
160,up,249.204,136.74600800000002,347.06016800000003,-181.1,-181.1,145.771008,356.085168,joey
161,up,249.204,136.74600800000002,347.06016800000003,-181.1,-181.1,145.771008,356.085168,ion
162,stop,199.90200000000002,91.5036,301.81776,-183.092,-183.092,100.08241600000001,310.396576,joey
163,up,199.90200000000002,36.151424,246.46558399999998,-185.5,-185.5,44.843416,255.15757599999998,joey
164,stop,160.5,26.157904000000002,214.046054,187.092,-93.742,17.0,218.6106,joey
165,stop,160.5,26.157904000000002,214.046054,187.092,-93.742,17.0,218.6106,ion
166,down,160.5,326.159504,59.545974,199.50799999999998,-106.15799999999999,315.795904,65.033742,joey
167,up,160.5,326.159504,59.545974,199.50799999999998,-106.15799999999999,315.795904,65.033742,ion
168,stop,190.002,355.975,43.698868,200.7,-107.35,345.95,49.036367999999996,joey
169,down,190.002,355.975,43.698868,200.7,-107.35,345.95,49.036367999999996,ion
170,up,190.002,183.09,340.666264,166.3,-166.3,174.619104,349.116352,joey
171,stop,190.002,183.09,340.666264,166.3,-166.3,174.619104,349.116352,ion
172,stop,150.006,216.845816,306.992128,167.916,-167.916,207.957504,315.857968,joey
173,up,150.006,267.24,256.71636,170.3,-170.3,258.735,265.20136,joey
174,up,31.206,370.86,153.336504,175.1,-175.1,362.28970400000003,161.88759199999998,joey
175,up,31.206,370.86,153.336504,175.1,-175.1,362.28970400000003,161.88759199999998,ion
176,up,12.0,388.234104,136.00170400000002,175.892,-175.892,379.976016,144.24212,joey
177,stop,12.0,388.234104,136.00170400000002,175.892,-175.892,379.976016,144.24212,joey
178,stop,12.0,388.234104,136.00170400000002,175.892,-175.892,379.976016,144.24212,ion
179,down,12.0,486.184704,38.271264,180.292,-180.292,477.539904,46.897632,joey
180,up,12.0,486.184704,38.271264,180.292,-180.292,477.539904,46.897632,ion
181,stop,61.5,531.507704,34.8262,182.292,182.292,522.585,25.903496,joey
182,down,61.5,566.682472,183.5972,-188.708,188.708,576.46284,173.7952,joey
183,down,180.498,452.065592,298.455512,-193.516,193.516,462.28823200000005,288.2104,joey
184,down,180.498,452.065592,298.455512,-193.516,193.516,462.28823200000005,288.2104,ion
185,down,199.50599999999997,433.4882,317.069912,-194.28400000000002,194.28400000000002,442.20668,308.33523199999996,joey
186,down,209.604,423.59012,326.9888,-194.692,194.692,433.4882,317.069912,joey
187,down,209.604,423.59012,326.9888,-194.692,194.692,433.4882,317.069912,ion
188,down,229.998,403.53688,347.084512,-195.516,195.516,413.28267999999997,337.318712,joey
189,stop,229.998,403.53688,347.084512,-195.516,195.516,413.28267999999997,337.318712,ion
190,down,239.898,393.77108,356.870312,-195.916,195.916,403.53688,347.084512,joey
191,down,239.898,393.77108,356.870312,-195.916,195.916,403.53688,347.084512,ion
192,down,259.5,374.3754,376.3052,-196.708,196.708,383.98528,366.676112,joey
193,down,278.904,355.09801600000003,395.621,-197.49200000000002,197.49200000000002,364.746312,385.953496,joey
194,down,299.298,334.756344,416.005112,-198.31599999999997,198.31599999999997,344.839248,405.9014,joey
195,down,299.298,334.756344,416.005112,-198.31599999999997,198.31599999999997,344.839248,405.9014,ion
196,down,309.39599999999996,324.652632,426.129632,-198.72400000000002,198.72400000000002,334.756344,416.005112,joey
197,down,328.602,305.37644,445.443496,-199.5,199.5,315.32144,435.478496,joey
198,stop,338.898,295.013256,455.82831200000004,-199.916,199.916,305.37644,445.443496,joey
199,stop,338.898,295.013256,455.82831200000004,-199.916,199.916,305.37644,445.443496,ion
200,up,338.898,235.00012,412.37408,-202.308,-202.308,245.286616,422.660576,joey
201,down,338.898,235.00012,412.37408,-202.308,-202.308,245.286616,422.660576,ion
202,up,229.998,122.74091200000001,300.11487200000005,-206.708,-206.708,133.046312,310.420272,joey
203,up,210.0,101.863504,279.237464,-207.516,-207.516,112.828144,290.202104,joey
204,up,190.002,80.904424,258.27838399999996,-208.324,-208.324,91.704824,269.078784,joey
205,up,180.498,70.914088,248.288048,-208.708,-208.708,80.904424,258.27838399999996,joey
206,up,160.89600000000002,50.251999999999995,227.62596000000002,-209.5,-209.5,60.696999999999996,238.07096,joey
207,up,160.89600000000002,50.251999999999995,227.62596000000002,-209.5,-209.5,60.696999999999996,238.07096,ion
208,stop,151.194,39.996103999999995,217.370064,-209.892,-209.892,50.251999999999995,227.62596000000002,joey
209,down,151.194,39.996103999999995,217.370064,-209.892,-209.892,50.251999999999995,227.62596000000002,ion
210,down,151.194,275.859304,104.419304,220.692,220.692,265.936264,94.496264,joey
211,down,270.192,409.94,238.5,225.5,225.5,399.35033599999997,227.910336,joey
212,up,270.192,409.94,238.5,225.5,225.5,399.35033599999997,227.910336,ion
213,down,280.884,422.12866399999996,250.68866400000002,225.93200000000002,225.93200000000002,409.94,238.5,joey
214,down,299.694,443.628304,272.188304,226.692,226.692,432.756304,261.316304,joey
215,down,320.08799999999997,467.020016,295.580016,227.516,227.516,455.427104,283.987104,joey
216,down,320.08799999999997,467.020016,295.580016,227.516,227.516,455.427104,283.987104,ion
217,down,329.592,477.95,306.51,227.9,227.9,467.020016,295.580016,joey
218,stop,329.592,477.95,306.51,227.9,227.9,467.020016,295.580016,ion
219,down,349.392,500.78,329.34,228.7,228.7,489.355,317.915,joey
220,up,349.392,500.78,329.34,228.7,228.7,489.355,317.915,ion
221,down,369.588,524.149016,352.709016,229.516,229.516,512.683216,341.243216,joey
222,stop,369.588,524.149016,352.709016,229.516,229.516,512.683216,341.243216,ion
223,stop,379.48800000000006,535.634816,364.194816,229.916,229.916,524.149016,352.709016,joey
224,up,379.48800000000006,535.634816,364.194816,229.916,229.916,524.149016,352.709016,ion
225,up,379.48800000000006,505.16997599999996,357.04848799999996,-237.132,-237.132,516.996576,368.875088,joey
226,down,379.48800000000006,505.16997599999996,357.04848799999996,-237.132,-237.132,516.996576,368.875088,ion
227,up,271.38,374.72105600000003,226.599568,-241.5,-241.5,386.766056,238.64456800000002,joey
228,stop,271.38,374.72105600000003,226.599568,-241.5,-241.5,386.766056,238.64456800000002,ion
229,up,251.778,350.81256,202.691072,-242.292,-242.292,362.89716,214.77567200000001,joey
230,up,231.78,326.34116800000004,178.21968,-243.1,-243.1,337.98232,189.86083200000002,joey
231,up,231.78,326.34116800000004,178.21968,-243.1,-243.1,337.98232,189.86083200000002,ion
232,up,221.088,313.22543199999996,165.10394399999998,-243.532,-243.532,326.34116800000004,178.21968,joey
233,up,221.088,313.22543199999996,165.10394399999998,-243.532,-243.532,326.34116800000004,178.21968,ion
234,up,202.08,289.846424,141.724936,-244.3,-244.3,302.031424,153.90993600000002,joey
235,up,182.082,265.172128,117.05063999999999,-245.108,-245.108,277.64142400000003,129.519936,joey
236,up,182.082,265.172128,117.05063999999999,-245.108,-245.108,277.64142400000003,129.519936,ion
237,up,172.18200000000002,252.92672799999997,104.80524,-245.50799999999998,-245.50799999999998,265.172128,117.05063999999999,joey
238,up,172.18200000000002,252.92672799999997,104.80524,-245.50799999999998,-245.50799999999998,265.172128,117.05063999999999,ion
239,up,152.58,228.621472,80.499984,-246.3,-246.3,241.15156000000002,93.030072,joey
240,up,152.58,228.621472,80.499984,-246.3,-246.3,241.15156000000002,93.030072,ion
241,up,132.78,203.991472,55.869983999999995,-247.1,-247.1,216.31647200000003,68.19498399999999,joey
242,stop,132.78,203.991472,55.869983999999995,-247.1,-247.1,216.31647200000003,68.19498399999999,ion
243,up,122.484,191.153088,43.0316,-247.516,-247.516,203.991472,55.869983999999995,joey
244,down,122.484,191.153088,43.0316,-247.516,-247.516,203.991472,55.869983999999995,ion
245,up,102.486,166.15407199999999,18.032584,-248.324,-248.324,179.28153600000002,31.160048,joey
246,stop,102.486,166.15407199999999,18.032584,-248.324,-248.324,179.28153600000002,31.160048,ion
247,stop,93.18,154.49168,17.0,-248.7,248.7,166.15407199999999,18.032584,joey
248,down,93.18,91.91688,79.67570400000001,-250.708,250.708,104.671776,66.9,joey
249,down,93.18,91.91688,79.67570400000001,-250.708,250.708,104.671776,66.9,ion
250,stop,122.682,54.53191999999999,117.12,-251.9,251.9,66.595472,105.03801599999998,joey
251,up,122.682,54.53191999999999,117.12,-251.9,251.9,66.595472,105.03801599999998,ion
252,down,122.682,340.404312,449.350416,263.116,-263.116,326.733096,463.0,joey
253,stop,181.68599999999998,419.168096,370.705112,265.5,-265.5,405.63800000000003,384.2144,joey
254,down,181.68599999999998,419.168096,370.705112,265.5,-265.5,405.63800000000003,384.2144,ion
255,down,181.68599999999998,457.82788,72.602494,-276.732,-140.778,473.01184000000006,80.308984,joey
256,stop,200.49599999999998,431.53844000000004,59.228683999999994,-277.492,-141.53799999999998,445.38304000000005,66.275584,joey
257,up,200.49599999999998,403.234256,44.791808,-278.308,-142.35399999999998,417.396752,52.02065,joey
258,stop,121.69200000000001,291.992536,45.803658,-281.492,145.53799999999998,305.756832,38.6819,joey
259,stop,121.69200000000001,291.992536,45.803658,-281.492,145.53799999999998,305.756832,38.6819,ion
260,down,121.69200000000001,235.614152,75.071258,-283.092,147.138,249.456848,67.8711,joey
261,up,121.69200000000001,235.614152,75.071258,-283.092,147.138,249.456848,67.8711,ion
262,stop,161.49,178.63186399999998,104.8076,-284.7,148.746,192.836864,97.3803,joey
263,down,161.49,75.0584,226.209258,291.092,155.138,61.385912,218.92660800000002,joey
264,down,161.49,75.0584,226.209258,291.092,155.138,61.385912,218.92660800000002,ion
265,down,270.58799999999997,236.66449599999999,312.9047,295.5,159.546,221.899496,304.9374,joey
266,down,290.586,266.5508,329.05965,296.308,160.35399999999998,251.1536,320.732058,joey
267,up,290.586,266.5508,329.05965,296.308,160.35399999999998,251.1536,320.732058,ion
268,down,310.188,295.924496,344.9739,297.1,161.14600000000002,280.7828,336.765858,joey
269,stop,310.188,295.924496,344.9739,297.1,161.14600000000002,280.7828,336.765858,ion
270,down,320.08799999999997,310.789496,353.0412,297.5,161.546,295.924496,344.9739,joey
271,stop,320.08799999999997,310.789496,353.0412,297.5,161.546,295.924496,344.9739,ion
272,stop,408.0,36.182736,57.24725251,159.076,159.076,28.715,49.77951651,joey
273,up,408.0,84.42701600000001,105.49153249999999,161.484,161.484,76.201736,97.26625251,joey
274,up,408.0,84.42701600000001,105.49153249999999,161.484,161.484,76.201736,97.26625251,ion
275,stop,319.098,157.73973600000002,178.8042525,165.076,165.076,149.495936,170.5604525,joey
276,stop,319.098,157.73973600000002,178.8042525,165.076,165.076,149.495936,170.5604525,ion
277,down,319.098,182.92370400000001,203.9882205,166.292,166.292,174.287336,195.35185249999998,joey
278,stop,407.80199999999996,258.22533599999997,279.2898525,169.87599999999998,169.87599999999998,249.572064,270.63658050000004,joey
279,up,407.80199999999996,361.940304,383.0048205,174.692,174.692,352.86713599999996,373.9316525,joey
280,up,407.80199999999996,361.940304,383.0048205,174.692,174.692,352.86713599999996,373.9316525,ion
281,stop,348.798,414.35373599999997,435.41825250000005,177.076,177.076,405.333264,426.39778049999995,joey
282,up,348.798,414.35373599999997,435.41825250000005,177.076,177.076,405.333264,426.39778049999995,ion
283,up,348.798,458.69366399999996,454.25448,179.06799999999998,-179.06799999999998,449.928936,463.0,joey
284,stop,91.00200000000001,547.821008,252.19762599999999,-189.484,-96.346,557.265208,256.984926,joey
285,down,91.00200000000001,500.49072800000005,228.058708,-191.476,-98.338,509.84424,232.848458,joey
286,stop,150.40200000000002,442.80800800000003,198.317388,-193.87599999999998,-100.738,452.27912000000003,203.224738,joey
287,up,150.40200000000002,442.80800800000003,198.317388,-193.87599999999998,-100.738,452.27912000000003,203.224738,ion
288,up,150.40200000000002,364.77763999999996,157.54222,-197.076,-103.93799999999999,374.405552,162.60637,joey
289,up,41.303999999999995,255.19523199999998,99.27885,-201.484,-108.346,265.23943199999997,104.66615,joey
290,up,21.504,235.046848,88.444266,-202.28400000000002,-109.146,245.33212000000003,93.9795,joey
291,up,12.0,214.818464,77.529682,-203.084,-109.946,224.740768,82.888224,joey
292,down,12.0,214.818464,77.529682,-203.084,-109.946,224.740768,82.888224,ion
293,stop,12.0,214.818464,77.529682,-203.084,-109.946,224.740768,82.888224,joey
294,up,12.0,214.818464,77.529682,-203.084,-109.946,224.740768,82.888224,ion
295,down,12.0,39.438128000000006,51.6662,-209.892,116.75399999999999,49.902728,45.8385,joey
296,down,12.0,39.438128000000006,51.6662,-209.892,116.75399999999999,49.902728,45.8385,ion
297,down,130.8,112.8014,96.61895,214.692,62.577,102.0768,93.5001,joey
298,stop,130.8,112.8014,96.61895,214.692,62.577,102.0768,93.5001,ion
299,stop,130.8,112.8014,96.61895,214.692,62.577,102.0768,93.5001,joey
300,down,130.8,254.261096,139.051781,219.9,67.785,243.0566,135.60515,joey
301,up,130.8,254.261096,139.051781,219.9,67.785,243.0566,135.60515,ion
302,stop,170.202,298.1796,152.6994,221.49200000000002,69.377,287.115,149.24055,joey
303,stop,170.202,298.1796,152.6994,221.49200000000002,69.377,287.115,149.24055,ion
304,down,170.202,387.641096,181.162781,224.7,72.585,376.416096,177.543531,joey
305,stop,190.002,410.151096,188.461281,225.5,73.385,398.661,184.72905,joey
306,down,190.002,576.532312,278.144031,-234.7,82.585,588.0038,274.10697000000005,joey
307,stop,190.002,576.532312,278.144031,-234.7,82.585,588.0038,274.10697000000005,ion
308,down,308.802,434.51252,329.135031,-239.5,87.385,446.45752000000005,324.775781,joey
309,up,308.802,434.51252,329.135031,-239.5,87.385,446.45752000000005,324.775781,ion
310,down,328.602,410.56252,337.913531,-240.3,88.185,422.54752,333.514281,joey
311,stop,328.602,410.56252,337.913531,-240.3,88.185,422.54752,333.514281,ion
312,down,338.50199999999995,398.55752,342.332781,-240.7,88.585,410.56252,337.913531,joey
313,stop,338.50199999999995,398.55752,342.332781,-240.7,88.585,410.56252,337.913531,ion
314,stop,347.61,387.493784,346.416155,-241.06799999999998,88.95299999999999,398.55752,342.332781,joey
315,up,347.61,387.493784,346.416155,-241.06799999999998,88.95299999999999,398.55752,342.332781,ion
316,down,347.61,290.343472,382.729512,-244.27599999999998,92.161,302.770336,378.03970499999997,joey
317,stop,377.70599999999996,253.18272000000002,396.8304,-245.49200000000002,93.37700000000001,265.6716,392.078577,joey
318,stop,377.70599999999996,253.18272000000002,396.8304,-245.49200000000002,93.37700000000001,265.6716,392.078577,ion
319,down,377.70599999999996,42.216656,448.026717,-252.28400000000002,-100.169,55.302976,453.20305700000006,joey
320,up,377.70599999999996,42.216656,448.026717,-252.28400000000002,-100.169,55.302976,453.20305700000006,ion
321,stop,407.406,17.0,432.97143099999994,253.484,-152.0535,17.49284,438.210171,joey
322,stop,407.406,17.0,432.97143099999994,253.484,-152.0535,17.49284,438.210171,ion
323,up,407.406,366.4934,220.95010200000002,264.284,-162.8535,353.02532,229.2244185,joey
324,stop,407.406,366.4934,220.95010200000002,264.284,-162.8535,353.02532,229.2244185,ion
325,up,289.002,525.9656480000001,122.372077,269.068,-167.6375,513.328288,130.22453149999998,joey
326,up,268.806,553.4522,105.273052,269.884,-168.4535,539.69852,113.8329685,joey
327,stop,268.806,553.4522,105.273052,269.884,-168.4535,539.69852,113.8329685,ion
328,up,258.906,566.9564,96.860377,270.284,-168.8535,553.4522,105.273052,joey
329,stop,130.404,513.6098559999999,81.6170625,-275.476,259.46825,527.353656,68.65365,joey
330,up,130.404,513.6098559999999,81.6170625,-275.476,259.46825,527.353656,68.65365,ion
331,down,130.404,458.71095199999996,133.40964830000001,-277.068,261.06025,472.258472,120.6273,joey
332,stop,130.404,458.71095199999996,133.40964830000001,-277.068,261.06025,472.258472,120.6273,ion
333,down,239.502,305.053528,278.46825,-281.476,265.46825,319.097328,265.2048375,joey
334,down,260.094,275.780168,306.12021200000004,-282.308,266.30025,291.270808,291.4857983,joey
335,up,260.094,275.780168,306.12021200000004,-282.308,266.30025,291.270808,291.4857983,ion
336,down,279.10200000000003,248.6786,331.7219,-283.07599999999996,267.06825,262.2386,318.91184,joey
337,stop,279.10200000000003,248.6786,331.7219,-283.07599999999996,267.06825,262.2386,318.91184,ion
338,down,298.902,220.37125600000002,358.468725,-283.876,267.86825,233.40416000000002,346.1552495,joey
339,up,298.902,220.37125600000002,358.468725,-283.876,267.86825,233.40416000000002,346.1552495,ion
340,down,308.802,206.187456,371.8721375,-284.276,268.26825,220.37125600000002,358.468725,joey
341,up,308.802,206.187456,371.8721375,-284.276,268.26825,220.37125600000002,358.468725,ion
342,down,328.99800000000005,177.19132,399.277115,-285.092,269.08425,191.983656,385.29555,joey
343,down,348.6,148.967248,425.9556597,-285.884,269.87625,163.51612,412.202375,joey
344,down,358.69800000000004,134.397568,439.7297525,-286.29200000000003,270.28425,148.967248,425.9556597,joey
345,stop,358.69800000000004,134.397568,439.7297525,-286.29200000000003,270.28425,148.967248,425.9556597,ion
346,stop,368.004,120.95068,452.44194819999996,-286.668,270.66025,134.397568,439.7297525,joey
347,down,368.004,120.95068,452.44194819999996,-286.668,270.66025,134.397568,439.7297525,ion
348,up,368.004,105.19604,463.0,-287.108,-271.10025,120.95068,452.44194819999996,joey
349,stop,279.498,626.977904,267.2396466,-157.908,157.908,635.0,259.1967426,joey
350,stop,279.498,626.977904,267.2396466,-157.908,157.908,635.0,259.1967426,ion
351,down,279.498,523.232912,371.2436466,-163.092,163.092,531.195608,363.26174260000005,joey
352,up,279.498,523.232912,371.2436466,-163.092,163.092,531.195608,363.26174260000005,ion
353,stop,299.694,506.597528,387.9206466,-163.908,163.908,514.925624,379.57174260000005,joey
354,down,299.694,506.597528,387.9206466,-163.908,163.908,514.925624,379.57174260000005,ion
355,up,299.694,465.636024,428.9817426,-165.9,165.9,473.901024,420.6967426,joey
356,down,299.694,465.636024,428.9817426,-165.9,165.9,473.901024,420.6967426,ion
357,stop,220.49400000000003,398.796408,438.28647199999995,-169.1,-169.1,407.221408,446.71147199999996,joey
358,up,220.49400000000003,356.20144799999997,395.691512,-171.108,-171.108,364.896744,404.38680800000003,joey
359,stop,220.49400000000003,356.20144799999997,395.691512,-171.108,-171.108,364.896744,404.38680800000003,ion
360,up,101.1,251.812416,291.30248,-175.93200000000002,-175.93200000000002,261.45237599999996,300.94244,joey
361,up,101.1,251.812416,291.30248,-175.93200000000002,-175.93200000000002,261.45237599999996,300.94244,ion
362,up,91.992,243.72800800000002,283.218072,-176.3,-176.3,251.812416,291.30248,joey
363,up,91.992,243.72800800000002,283.218072,-176.3,-176.3,251.812416,291.30248,ion
364,up,72.192,226.09800800000002,265.588072,-177.1,-177.1,234.923008,274.413072,joey
365,stop,72.192,226.09800800000002,265.588072,-177.1,-177.1,234.923008,274.413072,ion
366,up,52.391999999999996,208.388152,247.878216,-177.9,-177.9,216.72294399999998,256.213008,joey
367,stop,52.391999999999996,208.388152,247.878216,-177.9,-177.9,216.72294399999998,256.213008,ion
368,up,42.096000000000004,199.148168,238.638232,-178.31599999999997,-178.31599999999997,208.388152,247.878216,joey
369,up,42.096000000000004,199.148168,238.638232,-178.31599999999997,-178.31599999999997,208.388152,247.878216,ion
370,stop,32.592,190.59821599999998,230.08827999999997,-178.7,-178.7,199.148168,238.638232,joey
371,stop,32.592,190.59821599999998,230.08827999999997,-178.7,-178.7,199.148168,238.638232,ion
372,down,32.592,111.36200000000001,74.422136,190.72400000000002,190.72400000000002,101.455168,64.515304,joey
373,down,151.194,227.04088,190.101016,195.516,195.516,217.860464,180.9206,joey
374,up,151.194,227.04088,190.101016,195.516,195.516,217.860464,180.9206,ion
375,down,160.89600000000002,236.63076800000002,199.69090400000002,195.908,195.908,227.04088,190.101016,joey
376,down,180.498,256.064864,219.125,196.7,196.7,246.239864,209.3,joey
377,up,180.498,256.064864,219.125,196.7,196.7,246.239864,209.3,ion
378,down,200.49599999999998,275.972368,239.03250400000002,197.50799999999998,197.50799999999998,266.30408,229.36421600000003,joey
379,stop,200.49599999999998,275.972368,239.03250400000002,197.50799999999998,197.50799999999998,266.30408,229.36421600000003,ion
380,down,210.99,286.451528,249.51166400000002,197.93200000000002,197.93200000000002,275.972368,239.03250400000002,joey
381,up,210.99,286.451528,249.51166400000002,197.93200000000002,197.93200000000002,275.972368,239.03250400000002,ion
382,down,230.79,306.284728,269.34486400000003,198.732,198.732,295.564864,258.625,joey
383,up,230.79,306.284728,269.34486400000003,198.732,198.732,295.564864,258.625,ion
384,down,250.78799999999998,326.397464,289.4576,199.54,199.54,315.434864,278.495,joey
385,down,259.89599999999996,335.584768,298.644904,199.908,199.908,326.397464,289.4576,joey
386,up,259.89599999999996,335.584768,298.644904,199.908,199.908,326.397464,289.4576,ion
387,down,279.498,355.414864,318.475,200.7,200.7,345.389864,308.45,joey
388,down,279.498,355.414864,318.475,200.7,200.7,345.389864,308.45,ion
389,stop,299.298,375.52486400000004,338.585,201.5,201.5,365.45986400000004,328.52,joey
390,up,299.298,505.25664000000006,288.948794,-215.532,-109.978,516.646128,294.74392,joey
391,up,190.794,386.16254399999997,227.69829,-219.916,-114.36200000000001,397.12834399999997,233.38638999999998,joey
392,stop,190.794,386.16254399999997,227.69829,-219.916,-114.36200000000001,397.12834399999997,233.38638999999998,ion
393,up,171.192,364.390896,216.376488,-220.708,-115.154,375.615792,222.21812999999997,joey
394,up,150.996,341.878744,204.630844,-221.524,-115.97,353.585808,210.743546,joey
395,down,150.996,341.878744,204.630844,-221.524,-115.97,353.585808,210.743546,ion
396,up,141.69,331.475952,199.18909,-221.9,-116.346,341.878744,204.630844,joey
397,up,141.69,331.475952,199.18909,-221.9,-116.346,341.878744,204.630844,ion
398,up,121.296,308.620352,187.205552,-222.72400000000002,-117.17,320.612456,193.49774,joey
399,stop,121.296,308.620352,187.205552,-222.72400000000002,-117.17,320.612456,193.49774,ion
400,up,102.09,287.01616,175.840098,-223.5,-117.946,297.494152,181.357052,joey
401,up,102.09,287.01616,175.840098,-223.5,-117.946,297.494152,181.357052,ion
402,stop,91.794,275.404976,169.717722,-223.916,-118.36200000000001,287.01616,175.840098,joey
403,up,91.794,275.404976,169.717722,-223.916,-118.36200000000001,287.01616,175.840098,ion
404,up,91.794,185.811496,122.13473400000001,-227.1,-121.546,197.136496,128.18203400000002,joey
405,stop,91.794,185.811496,122.13473400000001,-227.1,-121.546,197.136496,128.18203400000002,ion
406,stop,12.0,70.77135200000001,60.188252,-231.12400000000002,-125.57,82.987216,66.809754,joey
407,down,12.0,75.527,35.82962,235.108,129.554,63.7816,29.36192,joey
408,stop,12.0,75.527,35.82962,235.108,129.554,63.7816,29.36192,ion
409,down,120.9,206.0464,108.29432,239.50799999999998,133.954,194.081,101.60661999999999,joey
410,stop,130.602,217.791896,114.86766999999999,239.9,134.346,206.0464,108.29432,joey
411,up,130.602,217.791896,114.86766999999999,239.9,134.346,206.0464,108.29432,ion
412,down,130.602,278.016896,148.70417,241.9,136.346,265.931896,141.89687,joey
413,down,239.502,412.27189599999997,224.90447000000003,246.3,140.746,400.2128,218.01752000000002,joey
414,stop,249.204,424.3502,231.81062799999998,246.692,141.138,412.27189599999997,224.90447000000003,joey
415,stop,249.204,424.3502,231.81062799999998,246.692,141.138,412.27189599999997,224.90447000000003,ion
416,down,249.204,574.056896,318.07937000000004,251.5,145.946,561.743,310.93762000000004,joey
417,up,249.204,574.056896,318.07937000000004,251.5,145.946,561.743,310.93762000000004,ion
418,stop,328.404,573.05704,362.562125,-254.7,75.361,585.254992,358.954013,joey
419,down,328.404,495.89447199999995,385.685963,-257.116,77.777,508.97617599999995,381.72974,joey
420,stop,328.404,495.89447199999995,385.685963,-257.116,77.777,508.97617599999995,381.72974,ion
421,stop,407.80199999999996,392.308848,417.517744,-260.324,80.985,406.072312,413.236775,joey
422,up,407.80199999999996,142.572648,428.375712,-267.9,-88.561,155.4042,432.598992,joey
423,stop,377.70599999999996,101.821064,414.88365600000003,-269.116,-89.777,115.782648,419.519612,joey
424,down,377.70599999999996,101.821064,414.88365600000003,-269.116,-89.777,115.782648,419.519612,ion
425,up,377.70599999999996,21.387872,387.893486,-271.5,-92.161,34.932871999999996,392.471536,joey
426,stop,308.60400000000004,98.655704,369.2194265,274.29200000000003,-48.6725,85.225,371.575567,joey
427,up,308.60400000000004,477.45035199999995,230.25959,-293.5,-67.8805,492.09535199999993,233.623615,joey
428,stop,308.60400000000004,477.45035199999995,230.25959,-293.5,-67.8805,492.09535199999993,233.623615,ion
429,up,189.804,300.150736,188.331674,-298.3,-72.6805,313.847144,191.649585,joey
430,up,169.80599999999998,270.02244,180.9909475,-299.108,-73.4885,284.94784,184.63537250000002,joey
431,down,169.80599999999998,270.02244,180.9909475,-299.108,-73.4885,284.94784,184.63537250000002,ion
432,up,159.312,254.180952,177.107293,-299.532,-73.9125,270.02244,180.9909475,joey
433,up,140.502,225.725448,170.0856415,-300.29200000000003,-74.6725,240.410944,173.71578200000002,joey
434,down,140.502,225.725448,170.0856415,-300.29200000000003,-74.6725,240.410944,173.71578200000002,ion
435,up,119.712,194.194824,162.24506499999998,-301.132,-75.5125,210.42096,166.287748,joey
436,stop,119.712,194.194824,162.24506499999998,-301.132,-75.5125,210.42096,166.287748,joey
437,up,119.712,194.194824,162.24506499999998,-301.132,-75.5125,210.42096,166.287748,ion
438,up,119.712,149.598104,151.040031,-302.316,-76.6965,164.081624,154.693815,joey
439,up,119.712,149.598104,151.040031,-302.316,-76.6965,164.081624,154.693815,ion
440,stop,80.508,89.661136,135.775724,-303.9,-78.2805,104.523424,139.58265649999998,joey
441,up,80.508,89.661136,135.775724,-303.9,-78.2805,104.523424,139.58265649999998,ion
442,down,80.508,186.15348799999998,70.8281995,310.308,-84.6885,170.338184,75.116101,joey
443,stop,130.404,264.60512,49.3345695,312.324,-86.7045,248.06318399999998,53.8962,joey
444,down,130.404,526.630776,115.784525,-323.9,98.2805,542.473064,110.9783845,joey
445,up,130.404,526.630776,115.784525,-323.9,98.2805,542.473064,110.9783845,ion
446,stop,190.2,428.569792,145.830052,-326.316,100.6965,445.180696,140.7049345,joey
447,down,190.2,363.88088799999997,165.924775,-327.9,102.2805,379.59244,161.024527,joey
448,stop,249.99599999999998,264.611936,197.178302,-330.316,104.6965,281.75592,191.7449,joey
449,up,249.99599999999998,264.611936,197.178302,-330.316,104.6965,281.75592,191.7449,ion
450,down,249.99599999999998,183.09,419.72324689999994,166.3,166.3,174.950904,411.58415089999994,joey
451,down,359.094,275.935704,420.50512000000003,170.708,-170.708,267.24,429.180016,joey
452,stop,368.994,284.481104,411.97972000000004,171.108,-171.108,275.935704,420.50512000000003,joey
453,down,368.994,284.481104,411.97972000000004,171.108,-171.108,275.935704,420.50512000000003,ion
454,up,368.994,301.631904,394.86893599999996,171.908,-171.908,292.875,403.605032,joey
455,stop,12.0,5.0,392.8800955,157.5,157.5,651.500016,45.779296,joey
456,down,12.0,37.296464,425.1765595,159.132,159.132,28.715,416.5950955,joey
457,down,120.9,126.02906399999999,414.420448,163.532,-163.532,117.86246399999999,422.56704800000006,joey
458,up,120.9,126.02906399999999,414.420448,163.532,-163.532,117.86246399999999,422.56704800000006,ion
459,down,140.502,142.257936,398.230976,164.324,-164.324,133.56,406.90644,joey
460,up,140.502,142.257936,398.230976,164.324,-164.324,133.56,406.90644,ion
461,stop,289.2,267.921264,272.868584,170.332,-170.332,259.5846,281.18604,joey
462,down,289.2,267.921264,272.868584,170.332,-170.332,259.5846,281.18604,ion
463,down,289.2,509.639864,166.12898,-191.11599999999999,97.96600000000001,518.785784,161.43582800000001,joey
464,stop,289.2,509.639864,166.12898,-191.11599999999999,97.96600000000001,518.785784,161.43582800000001,ion
465,stop,348.6,452.06507999999997,195.87878,-193.516,100.366,461.71088,190.87048000000001,joey
466,down,348.6,452.06507999999997,195.87878,-193.516,100.366,461.71088,190.87048000000001,ion
467,down,348.6,143.126256,361.05608,-205.916,112.766,152.7778,355.76491400000003,joey
468,stop,348.6,143.126256,361.05608,-205.916,112.766,152.7778,355.76491400000003,ion
469,stop,388.00199999999995,102.069952,383.654918,-207.50799999999998,114.35799999999999,112.621648,377.83306400000004,joey
470,up,388.00199999999995,102.069952,383.654918,-207.50799999999998,114.35799999999999,112.621648,377.83306400000004,ion
471,up,388.00199999999995,353.392784,301.183294,223.5,-130.35,342.227784,307.670794,joey
472,up,269.202,488.93278399999997,221.77355,228.3,-135.15,477.527784,228.50105,joey
473,up,259.10400000000004,500.586488,214.891304,228.708,-135.558,488.93278399999997,221.77355,joey
474,stop,259.10400000000004,500.586488,214.891304,228.708,-135.558,488.93278399999997,221.77355,ion
475,up,239.304,523.497288,201.33552,229.50799999999998,-136.358,511.802784,208.258566,joey
476,stop,239.304,523.497288,201.33552,229.50799999999998,-136.358,511.802784,208.258566,ion
477,up,218.71200000000002,547.4093839999999,187.154432,230.34,-137.19,534.752784,194.66358200000002,joey
478,stop,218.71200000000002,547.4093839999999,187.154432,230.34,-137.19,534.752784,194.66358200000002,ion
479,up,209.40599999999998,558.2442,180.715338,230.71599999999998,-137.566,547.4093839999999,187.154432,joey
480,stop,209.40599999999998,558.2442,180.715338,230.71599999999998,-137.566,547.4093839999999,187.154432,ion
481,up,189.408,581.58732,166.821208,231.524,-138.374,569.558888,173.984208,joey
482,down,189.408,581.58732,166.821208,231.524,-138.374,569.558888,173.984208,ion
483,up,170.202,604.082784,153.398934,232.3,-139.15,592.709688,160.188472,joey
484,up,160.10399999999998,615.940488,146.31268799999998,232.708,-139.558,604.082784,153.398934,joey
485,down,160.10399999999998,615.940488,146.31268799999998,232.708,-139.558,604.082784,153.398934,ion
486,up,140.304,639.251288,132.35690400000001,233.50799999999998,-140.358,627.3527839999999,139.48395,joey
487,down,140.304,639.251288,132.35690400000001,233.50799999999998,-140.358,627.3527839999999,139.48395,ion
488,up,120.50399999999999,12.727103999999999,240.91695750000002,157.892,157.892,5.0,233.18985350000003,joey
489,up,120.50399999999999,12.727103999999999,240.91695750000002,157.892,157.892,5.0,233.18985350000003,ion
490,up,110.406,20.79,248.97985350000002,158.3,158.3,12.727103999999999,240.91695750000002,joey
491,down,110.406,20.79,248.97985350000002,158.3,158.3,12.727103999999999,240.91695750000002,ion
492,up,90.804,36.500904,264.6907575,159.092,159.092,28.397615999999996,256.5874695,joey
493,up,71.202,52.290216,280.48006949999996,159.884,159.884,44.465503999999996,272.65535750000004,joey
494,down,71.202,52.290216,280.48006949999996,159.884,159.884,44.465503999999996,272.65535750000004,ion
495,stop,71.202,52.290216,280.48006949999996,159.884,159.884,44.465503999999996,272.65535750000004,joey
496,down,71.202,52.290216,280.48006949999996,159.884,159.884,44.465503999999996,272.65535750000004,ion
497,down,71.202,93.158816,321.34866949999997,161.916,161.916,84.588504,312.7783575,joey
498,stop,71.202,93.158816,321.34866949999997,161.916,161.916,84.588504,312.7783575,ion
499,down,179.112,182.591136,410.7809895,166.27599999999998,166.27599999999998,174.950904,403.1407575,joey
500,down,179.112,182.591136,410.7809895,166.27599999999998,166.27599999999998,174.950904,403.1407575,ion
501,down,199.50599999999997,199.76,427.9498535,167.1,167.1,191.415,419.6048535,joey
502,stop,199.50599999999997,199.76,427.9498535,167.1,167.1,191.415,419.6048535,ion
503,down,219.30599999999998,216.51,444.6998535,167.9,167.9,207.957504,436.1473575,joey
504,down,219.30599999999998,216.51,444.6998535,167.9,167.9,207.957504,436.1473575,ion
505,down,239.106,233.34,461.5298535,168.7,168.7,225.251616,453.44146950000004,joey
506,stop,239.106,233.34,461.5298535,168.7,168.7,225.251616,453.44146950000004,ion
507,down,249.204,241.954104,463.0,169.108,-169.108,233.34,461.5298535,joey
508,stop,249.204,241.954104,463.0,169.108,-169.108,233.34,461.5298535,ion
509,down,269.004,258.904904,446.08934400000004,169.908,-169.908,249.91101600000002,455.06075999999996,joey
510,down,288.80400000000003,275.935704,429.09855999999996,170.708,-170.708,267.24,437.77345599999995,joey
511,stop,298.506,284.31,420.743472,171.1,-171.1,275.935704,429.09855999999996,joey
512,down,298.506,284.31,420.743472,171.1,-171.1,275.935704,429.09855999999996,ion
513,up,298.506,301.288104,403.80460800000003,171.892,-171.892,293.046504,412.02777599999996,joey
514,up,179.90400000000002,405.686616,299.645736,176.68400000000003,-176.68400000000003,397.391304,307.92337599999996,joey
515,down,179.90400000000002,405.686616,299.645736,176.68400000000003,-176.68400000000003,397.391304,307.92337599999996,ion
516,up,169.21200000000002,415.239216,290.116464,177.11599999999999,-177.11599999999999,405.686616,299.645736,joey
517,stop,60.906000000000006,513.318504,192.255152,181.49200000000002,-181.49200000000002,504.616104,200.93912,joey
518,down,60.906000000000006,513.318504,192.255152,181.49200000000002,-181.49200000000002,504.616104,200.93912,ion
519,up,60.906000000000006,549.5938160000001,156.059144,183.084,-183.084,540.815,164.819528,joey
520,down,60.906000000000006,549.5938160000001,156.059144,183.084,-183.084,540.815,164.819528,ion
521,stop,12.0,605.064504,100.709552,185.49200000000002,-185.49200000000002,596.170104,109.58551999999999,joey
522,up,12.0,605.064504,100.709552,185.49200000000002,-185.49200000000002,596.170104,109.58551999999999,ion
523,down,12.0,585.661744,44.822112,-187.892,-187.892,594.652912,53.813280000000006,joey
524,stop,81.696,519.1700639999999,54.9816,-190.708,190.708,529.24388,44.885312,joey
525,down,81.696,519.1700639999999,54.9816,-190.708,190.708,529.24388,44.885312,ion
526,down,81.696,500.290168,73.900896,-191.5,191.5,510.40595999999994,63.762631999999996,joey
527,stop,81.696,500.290168,73.900896,-191.5,191.5,510.40595999999994,63.762631999999996,ion
528,down,200.892,383.80008,190.63351200000002,-196.31599999999997,196.31599999999997,394.366152,180.044112,joey
529,stop,200.892,383.80008,190.63351200000002,-196.31599999999997,196.31599999999997,394.366152,180.044112,ion
530,down,210.19799999999998,374.582064,199.8692,-196.692,196.692,383.80008,190.63351200000002,joey
531,down,229.998,354.912864,219.5784,-197.49200000000002,197.49200000000002,364.757464,209.7138,joey
532,down,229.998,354.912864,219.5784,-197.49200000000002,197.49200000000002,364.757464,209.7138,ion
533,down,249.6,335.361256,239.16931200000002,-198.28400000000002,198.28400000000002,344.654096,229.8588,joey
534,up,249.6,335.361256,239.16931200000002,-198.28400000000002,198.28400000000002,344.654096,229.8588,ion
535,down,260.094,324.86343999999997,249.6896,-198.708,198.708,335.361256,239.16931200000002,joey
536,down,279.894,304.992704,269.6004,-199.50799999999998,199.50799999999998,315.334672,259.2368,joey
537,stop,279.894,304.992704,269.6004,-199.50799999999998,199.50799999999998,315.334672,259.2368,ion
538,down,299.298,285.44106400000004,289.1906,-200.292,200.292,294.629104,279.985632,joey
539,up,299.298,285.44106400000004,289.1906,-200.292,200.292,294.629104,279.985632,ion
540,down,309.198,275.436464,299.2152,-200.692,200.692,285.44106400000004,289.1906,joey
541,stop,309.198,275.436464,299.2152,-200.692,200.692,285.44106400000004,289.1906,ion
542,down,328.99800000000005,255.36728,319.3244,-201.49200000000002,201.49200000000002,265.61216,309.058712,joey
543,down,348.798,235.218144,339.5136,-202.292,202.292,244.90051200000002,329.8128,joey
544,stop,359.292,224.507904,350.246312,-202.71599999999998,202.71599999999998,235.218144,339.5136,joey
545,up,359.292,101.47223199999999,452.6538,-207.524,-207.524,111.818432,463.0,joey
546,down,359.292,101.47223199999999,452.6538,-207.524,-207.524,111.818432,463.0,ion
547,stop,320.48400000000004,60.720904000000004,411.90247200000005,-209.092,-209.092,70.313744,421.495312,joey
548,down,320.48400000000004,454.534712,106.96971200000002,227.084,227.084,443.190512,95.625512,joey
549,stop,408.0,557.7632,210.1982,230.692,230.692,546.468896,198.903896,joey
550,up,408.0,60.615,462.0890086,160.3,160.3,52.61,454.0840086,joey
551,up,289.2,158.235,373.78536,165.1,-165.1,149.660616,382.338112,joey
552,down,289.2,158.235,373.78536,165.1,-165.1,149.660616,382.338112,ion
553,up,279.3,166.5,365.54036,165.5,-165.5,158.235,373.78536,joey
554,up,279.3,166.5,365.54036,165.5,-165.5,158.235,373.78536,ion
555,up,259.5,183.09,348.99037599999997,166.3,-166.3,174.619104,357.440464,joey
556,stop,259.5,183.09,348.99037599999997,166.3,-166.3,174.619104,357.440464,ion
557,up,239.7,199.76,332.360392,167.1,-167.1,191.248304,340.85128,joey
558,up,229.998,207.957504,324.182096,167.49200000000002,-167.49200000000002,199.76,332.360392,joey
559,up,210.0,224.915,307.26544,168.3,-168.3,216.677904,315.483328,joey
560,down,210.0,224.915,307.26544,168.3,-168.3,216.677904,315.483328,ion
561,up,190.398,241.615904,290.603744,169.092,-169.092,233.171304,299.028344,joey
562,up,180.498,250.080504,282.15914399999997,169.49200000000002,-169.49200000000002,241.615904,290.603744,joey
563,down,180.498,250.080504,282.15914399999997,169.49200000000002,-169.49200000000002,241.615904,290.603744,ion
564,up,160.69799999999998,267.069704,265.20996,170.292,-170.292,258.395216,273.86364,joey
565,down,160.69799999999998,267.069704,265.20996,170.292,-170.292,258.395216,273.86364,ion
566,up,140.304,284.652216,247.669888,171.11599999999999,-171.11599999999999,275.765,256.535472,joey
567,down,140.304,284.652216,247.669888,171.11599999999999,-171.11599999999999,275.765,256.535472,ion
568,up,121.098,301.288104,231.07164,171.892,-171.892,293.046504,239.29480800000002,joey
569,down,121.098,301.288104,231.07164,171.892,-171.892,293.046504,239.29480800000002,ion
570,up,111.396,309.720416,222.658536,172.28400000000002,-172.28400000000002,301.288104,231.07164,joey
571,stop,111.396,309.720416,222.658536,172.28400000000002,-172.28400000000002,301.288104,231.07164,ion
572,up,91.596,326.98881600000004,205.4302,173.084,-173.084,318.69,213.71058399999998,joey
573,up,71.796,344.337216,188.121864,173.88400000000001,-173.88400000000001,336.0,196.440648,joey
574,down,71.796,344.337216,188.121864,173.88400000000001,-173.88400000000001,336.0,196.440648,ion
575,up,61.698,353.215704,179.264184,174.292,-174.292,344.337216,188.121864,joey
576,stop,61.698,353.215704,179.264184,174.292,-174.292,344.337216,188.121864,ion
577,up,41.7,370.86,161.660728,175.1,-175.1,361.765616,170.73348000000001,joey
578,up,21.9,388.41,144.150744,175.9,-175.9,379.449504,153.090432,joey
579,stop,21.9,388.41,144.150744,175.9,-175.9,379.449504,153.090432,ion
580,up,12.198,397.038704,135.541248,176.292,-176.292,388.41,144.150744,joey
581,up,12.0,414.530816,118.088376,177.084,-177.084,406.04,126.56076000000002,joey
582,down,12.0,414.530816,118.088376,177.084,-177.084,406.04,126.56076000000002,ion
583,down,12.0,423.572504,109.06749599999999,177.49200000000002,-177.49200000000002,414.530816,118.088376,joey
584,stop,12.0,432.457104,100.202896,177.892,-177.892,423.572504,109.06749599999999,joey
585,stop,12.0,432.457104,100.202896,177.892,-177.892,423.572504,109.06749599999999,ion
586,down,111.0,522.403104,17.0,181.892,181.892,513.5,19.341016,joey
587,down,130.602,540.449616,35.046512,182.68400000000003,182.68400000000003,531.325416,25.922311999999998,joey
588,down,130.602,540.449616,35.046512,182.68400000000003,182.68400000000003,531.325416,25.922311999999998,ion
589,down,150.40200000000002,558.758016,53.354912,183.484,183.484,549.96,44.556896,joey
590,up,150.40200000000002,558.758016,53.354912,183.484,183.484,549.96,44.556896,ion
591,down,160.69799999999998,568.31,62.906895999999996,183.9,183.9,558.758016,53.354912,joey
592,down,160.69799999999998,568.31,62.906895999999996,183.9,183.9,558.758016,53.354912,ion
593,down,180.696,586.924704,81.5216,184.708,184.708,577.330704,71.9276,joey
594,up,180.696,586.924704,81.5216,184.708,184.708,577.330704,71.9276,ion
595,down,200.1,605.064504,99.6614,185.49200000000002,185.49200000000002,595.985,90.581896,joey
596,up,200.1,605.064504,99.6614,185.49200000000002,185.49200000000002,595.985,90.581896,ion
597,down,209.80200000000002,614.163216,108.760112,185.88400000000001,185.88400000000001,605.064504,99.6614,joey
598,stop,209.80200000000002,614.163216,108.760112,185.88400000000001,185.88400000000001,605.064504,99.6614,ion
599,down,229.8,632.978304,127.5752,186.692,186.692,623.653704,118.2506,joey
600,down,229.8,632.978304,127.5752,186.692,186.692,623.653704,118.2506,ion
601,down,249.40200000000002,5.0,426.90088719999994,157.5,157.5,651.500016,146.096912,joey
602,stop,249.40200000000002,5.0,426.90088719999994,157.5,157.5,651.500016,146.096912,ion
603,down,259.5,13.042904,434.94379119999996,157.908,157.908,5.0,426.90088719999994,joey
604,down,279.69599999999997,29.191136,451.09202319999997,158.724,158.724,20.79,442.69088719999996,joey
605,down,279.69599999999997,29.191136,451.09202319999997,158.724,158.724,20.79,442.69088719999996,ion
606,down,298.902,44.625,463.0,159.5,-159.5,36.819103999999996,458.7199912,joey
607,down,309.0,52.769904000000004,454.875904,159.908,-159.908,44.625,463.0,joey
608,stop,309.0,52.769904000000004,454.875904,159.908,-159.908,44.625,463.0,ion
609,stop,328.602,68.64,439.04501600000003,160.7,-160.7,60.615,447.050016,joey
610,up,328.602,134.051736,373.795992,163.924,-163.924,125.375,382.450256,joey
611,down,328.602,134.051736,373.795992,163.924,-163.924,125.375,382.450256,ion
612,up,219.9,225.251616,282.815992,168.31599999999997,-168.31599999999997,216.677904,291.368896,joey
613,stop,219.9,225.251616,282.815992,168.31599999999997,-168.31599999999997,216.677904,291.368896,ion
614,up,200.1,242.123216,265.98440800000003,169.11599999999999,-169.11599999999999,233.508704,274.57811200000003,joey
615,up,200.1,242.123216,265.98440800000003,169.11599999999999,-169.11599999999999,233.508704,274.57811200000003,ion
616,up,179.706,259.5846,248.56565600000002,169.94,-169.94,250.25,257.876056,joey
617,up,170.796,267.24,240.926456,170.3,-170.3,259.5846,248.56565600000002,joey
618,up,150.204,284.994464,223.21532000000002,171.132,-171.132,275.765,232.421456,joey
619,up,150.204,284.994464,223.21532000000002,171.132,-171.132,275.765,232.421456,ion
620,up,130.404,302.147664,206.102264,171.93200000000002,-171.93200000000002,293.046504,215.180952,joey
621,up,130.404,302.147664,206.102264,171.93200000000002,-171.93200000000002,293.046504,215.180952,ion
622,up,121.098,310.237304,198.030296,172.308,-172.308,302.147664,206.102264,joey
623,stop,121.098,310.237304,198.030296,172.308,-172.308,302.147664,206.102264,ion
624,up,101.1,327.681216,180.627224,173.11599999999999,-173.11599999999999,318.69,189.596808,joey
625,up,101.1,327.681216,180.627224,173.11599999999999,-173.11599999999999,318.69,189.596808,ion
626,up,81.3,345.032816,163.315688,173.916,-173.916,336.0,172.326872,joey
627,up,81.3,345.032816,163.315688,173.916,-173.916,336.0,172.326872,ion
628,stop,71.202,353.912936,154.456376,174.324,-174.324,345.032816,163.315688,joey
629,down,71.202,353.912936,154.456376,174.324,-174.324,345.032816,163.315688,ion
630,down,71.202,596.170104,117.78010400000001,185.108,185.108,586.74,108.35,joey
631,down,190.794,52.769904000000004,279.1845704,159.908,159.908,44.306016,270.72068239999993,joey
632,up,190.794,52.769904000000004,279.1845704,159.908,159.908,44.306016,270.72068239999993,ion
633,down,199.90200000000002,60.134136,286.5488024,160.276,160.276,52.769904000000004,279.1845704,joey
634,down,220.296,76.685,303.0996664,161.1,161.1,68.15793599999999,294.5726024,joey
635,up,220.296,76.685,303.0996664,161.1,161.1,68.15793599999999,294.5726024,ion
636,down,239.898,92.67310400000001,319.0877704,161.892,161.892,84.588504,311.0031704,joey
637,stop,239.898,92.67310400000001,319.0877704,161.892,161.892,84.588504,311.0031704,ion
638,down,249.798,100.777704,327.1923704,162.292,162.292,92.67310400000001,319.0877704,joey
639,down,249.798,100.777704,327.1923704,162.292,162.292,92.67310400000001,319.0877704,ion
640,down,269.796,117.21,343.62466639999997,163.1,163.1,108.41426399999999,334.82893039999993,joey
641,down,289.596,133.56,359.9746664,163.9,163.9,124.88453600000001,351.29920239999996,joey
642,down,299.1,141.43641599999998,367.85108239999994,164.28400000000002,164.28400000000002,133.56,359.9746664,joey
643,down,318.702,157.73973600000002,384.1544024,165.076,165.076,149.495936,375.91060239999996,joey
644,stop,318.702,157.73973600000002,384.1544024,165.076,165.076,149.495936,375.91060239999996,ion
645,down,339.096,174.785,401.1996664,165.9,165.9,166.334504,392.74917039999997,joey
646,down,348.798,182.92370400000001,409.3383704,166.292,166.292,174.785,401.1996664,joey
647,down,368.202,199.258736,425.67340240000004,167.076,167.076,190.914936,417.3296024,joey
648,down,368.202,199.258736,425.67340240000004,167.076,167.076,190.914936,417.3296024,ion
649,down,388.596,216.51,442.9246664,167.9,167.9,208.292504,434.7071704,joey
650,down,397.704,224.24186400000002,450.65653039999995,168.268,168.268,216.51,442.9246664,joey
651,stop,407.60400000000004,232.665264,459.07993039999997,168.668,168.668,224.24186400000002,450.65653039999995,joey
652,down,407.60400000000004,232.665264,459.07993039999997,168.668,168.668,224.24186400000002,450.65653039999995,ion
653,up,407.60400000000004,275.594304,428.765128,170.692,-170.692,267.069704,437.26972800000004,joey
654,up,407.60400000000004,275.594304,428.765128,170.692,-170.692,267.069704,437.26972800000004,ion
655,up,299.1,370.33473599999996,334.243432,175.076,-175.076,361.590936,342.96723199999997,joey
656,up,278.508,388.585904,316.03567200000003,175.908,-175.908,378.923064,325.674312,joey
657,stop,278.508,388.585904,316.03567200000003,175.908,-175.908,378.923064,325.674312,ion
658,up,259.302,405.686616,298.972632,176.68400000000003,-176.68400000000003,396.862416,307.77683199999996,joey
659,stop,259.302,405.686616,298.972632,176.68400000000003,-176.68400000000003,396.862416,307.77683199999996,ion
660,up,249.6,414.35373599999997,290.32472,177.076,-177.076,405.686616,298.972632,joey
661,up,249.6,414.35373599999997,290.32472,177.076,-177.076,405.686616,298.972632,ion
662,up,229.8,432.10133600000006,272.61712,177.87599999999998,-177.87599999999998,423.21753600000005,281.48092,joey
663,up,229.8,432.10133600000006,272.61712,177.87599999999998,-177.87599999999998,423.21753600000005,281.48092,ion
664,up,209.80200000000002,450.107616,254.651648,178.68400000000003,-178.68400000000003,441.00513600000005,263.73332,joey
665,down,209.80200000000002,450.107616,254.651648,178.68400000000003,-178.68400000000003,441.00513600000005,263.73332,ion
666,up,200.1,458.87273600000003,245.905736,179.076,-179.076,450.107616,254.651648,joey
667,stop,200.1,458.87273600000003,245.905736,179.076,-179.076,450.107616,254.651648,ion
668,up,180.3,476.82033600000005,227.998152,179.87599999999998,-179.87599999999998,467.657064,237.14061600000002,joey
669,down,180.3,476.82033600000005,227.998152,179.87599999999998,-179.87599999999998,467.657064,237.14061600000002,ion
670,up,159.906,495.39,209.47096000000002,180.7,-180.7,485.824136,219.014352,joey
671,up,150.40200000000002,504.072816,200.806576,181.084,-181.084,495.39,209.47096000000002,joey
672,up,130.8,522.039336,182.87926399999998,181.87599999999998,-181.87599999999998,512.955536,191.943064,joey
673,stop,130.8,522.039336,182.87926399999998,181.87599999999998,-181.87599999999998,512.955536,191.943064,ion
674,up,111.0,540.266936,164.691664,182.676,-182.676,531.143136,173.79546399999998,joey
675,stop,111.0,540.266936,164.691664,182.676,-182.676,531.143136,173.79546399999998,ion
676,up,101.1,549.410736,155.567864,183.076,-183.076,540.266936,164.691664,joey
677,up,101.1,549.410736,155.567864,183.076,-183.076,540.266936,164.691664,ion
678,up,80.904,568.126104,136.894176,183.892,-183.892,558.3910639999999,146.606744,joey
679,stop,80.904,568.126104,136.894176,183.892,-183.892,558.3910639999999,146.606744,ion
680,up,60.906000000000006,586.74,118.321184,184.7,-184.7,576.962136,128.076576,joey
681,up,60.906000000000006,586.74,118.321184,184.7,-184.7,576.962136,128.076576,ion
682,up,50.808,596.170104,108.91188799999999,185.108,-185.108,586.74,118.321184,joey
683,stop,50.808,596.170104,108.91188799999999,185.108,-185.108,586.74,118.321184,ion
684,up,31.404,614.349104,90.77144799999999,185.892,-185.892,604.693536,100.405384,joey
685,up,31.404,614.349104,90.77144799999999,185.892,-185.892,604.693536,100.405384,ion
686,up,12.0,633.165,71.99636,186.7,-186.7,623.653704,81.486848,joey
687,up,12.0,641.948736,63.230295999999996,187.076,-187.076,633.165,71.99636,joey
688,up,12.0,641.948736,63.230295999999996,187.076,-187.076,633.165,71.99636,ion
689,stop,12.0,651.125064,54.073176000000004,187.468,-187.468,641.948736,63.230295999999996,joey
