label,leftPaddle_y,rightPaddle_y,ball_x,ball_y,ball_dx,ball_dy,ball_x_prev,ball_y_prev,user
down,210,0,52.769904,280.176495,159.908,159.908,44.625,272.031591,joey
down,328.602,0,149.99,377.396591,164.7,164.7,141.929304,369.335895,joey
stop,338.7,0,158.400104,385.806695,165.108,165.108,149.99,377.396591,joey
up,338.7,0,191.581704,418.988295,166.708,166.708,183.256304,410.662895,joey
stop,309,0,216.677904,444.084495,167.908,167.908,208.460016,435.866607,joey
up,309,0,241.954104,463,169.108,-169.108,233.508704,460.915295,joey
stop,289.2,0,258.904904,446.0892,169.908,-169.908,250.419504,454.5546,joey
up,289.2,0,293.046504,412.027808,171.508,-171.508,284.481104,420.573208,joey
stop,259.302,0,319.035416,386.099864,172.716,-172.716,309.720416,395.391536,joey
up,259.302,0,336.347016,368.828664,173.516,-173.516,326.815736,378.335744,joey
stop,230.394,0,361.765616,343.466992,174.684,-174.684,353.041416,352.171192,joey
up,230.394,0,370.684904,334.568512,175.092,-175.092,361.765616,343.466992,joey
stop,200.892,0,396.862416,308.450432,176.284,-176.284,388.585904,316.709272,joey
up,200.892,0,406.04,299.29448,176.7,-176.7,396.862416,308.450432,joey
stop,170.994,0,432.812904,272.58248,177.908,-177.908,423.395016,281.977896,joey
up,170.994,0,450.465,254.969624,178.7,-178.7,441.896616,263.519576,joey
stop,141.888,0,476.820336,228.671928,179.876,-179.876,467.836536,237.635728,joey
up,141.888,0,495.028616,210.504456,180.684,-180.684,485.824136,219.688128,joey
stop,111.594,0,522.766904,182.828656,181.908,-181.908,513.5,192.074752,joey
up,111.594,0,549.593816,156.059416,183.084,-183.084,540.449616,165.183616,joey
stop,81.696,0,577.330704,128.383656,184.292,-184.292,568.126104,137.568256,joey
up,81.696,0,614.720904,91.075152,185.908,-185.908,605.064504,100.70992,joey
stop,32.394,0,585.28916,44.635472,-187.9,-187.9,595.214152,54.560464,joey
down,32.394,0,528.48984,46.023488,-190.308,190.308,538.542456,35.9484,joey
stop,62.094,0,499.913848,74.659688,-191.508,191.508,510.220288,64.32992,joey
down,62.094,0,481.146128,93.465888,-192.292,192.292,490.921808,83.6694,joey
down,171.588,0,373.808272,201.0266,-196.716,196.716,384.200512,190.611888,joey
down,191.19,0,354.333584,220.540688,-197.508,197.508,364.7678,210.084,joey
down,210.396,0,335.175344,239.7366,-198.284,198.284,345.059544,229.8324,joey
down,220.692,0,324.875392,250.058184,-198.7,198.7,335.175344,239.7366,joey
down,240.888,0,304.608136,270.3672,-199.516,199.516,315.347008,259.605,joey
down,259.896,0,285.454616,289.5576,-200.284,200.284,294.841456,280.153088,joey
down,269.796,0,275.450416,299.5818,-200.684,200.684,285.454616,289.5576,joey
down,289.596,0,255.382032,319.6902,-201.484,201.484,265.626504,309.42492,joey
stop,289.596,0,255.382032,319.6902,-201.484,201.484,265.626504,309.42492,joey
down,289.596,0,224.725696,350.408184,-202.7,202.7,235.233648,339.8786,joey
stop,318.9,0,194.69696,380.4954,-203.884,203.884,204.86116,370.3112,joey
down,318.9,0,143.576056,431.7164,-205.884,205.884,153.840256,421.4322,joey
stop,368.4,0,91.955264,452.6358,-207.884,-207.884,102.319464,463,joey
up,368.4,0,60.742728,421.423264,-209.084,-209.084,70.751112,431.431648,joey
stop,328.404,0,18.426176,379.106712,-210.7,-210.7,29.140664,389.8212,joey
up,328.404,0,70.021,316.08152,213.084,-213.084,59.589488,326.493824,joey
stop,258.906,0,145.306288,240.93776,215.892,-215.892,136.030328,250.198928,joey
up,258.906,0,177.563,208.740288,217.084,-217.084,166.7188,219.564488,joey
stop,218.91,0,221.577184,164.807736,218.7,-218.7,210.2156,176.147688,joey
up,218.91,0,242.82872,143.593872,219.476,-219.476,232.522184,153.882736,joey
stop,189.012,0,276.0608,110.422744,220.684,-220.684,265.697488,120.768384,joey
up,189.012,0,297.94772,88.575032,221.476,-221.476,287.105,99.398544,joey
stop,138.918,0,354.237184,32.387992,223.5,-223.5,342.849088,43.75528,joey
down,138.918,0,421.1954,61.568216,225.884,225.884,409.9112,50.284016,joey
stop,168.816,0,455.395088,95.767904,227.092,227.092,443.8238,84.196616,joey
down,168.816,0,466.5322,106.905016,227.484,227.484,455.395088,95.767904,joey
stop,198.516,0,500.7448,141.117616,228.684,228.684,490.2338,130.606616,joey
down,198.516,0,523.882688,164.255504,229.492,229.492,511.95992,152.332736,joey
stop,228.612,0,558.857888,199.230704,230.708,230.708,546.871888,187.244704,joey
down,228.612,0,593.554088,233.926904,231.908,231.908,581.968688,222.341504,joey
stop,317.514,0,552.365464,303.664316,-235.5,118.958,564.110464,297.726416,joey
down,317.514,0,493.814216,333.411916,-237.484,120.942,505.658416,327.374816,joey
stop,337.512,0,469.828336,345.667862,-238.292,121.75,481.950016,339.469016,joey
down,337.512,0,434.293248,363.897416,-239.484,122.942,445.999152,357.882862,joey
stop,377.112,0,386.31656,388.645816,-241.084,124.542,397.860944,382.677016,joey
down,377.112,0,239.731264,463,-245.908,-129.366,252.24136,458.611816,joey
stop,406.416,0,203.307824,443.824776,-247.092,-130.55,216.12416,450.580928,joey
up,406.416,0,166.21452,424.212772,-248.292,-131.75,178.8462,430.90081,joey
stop,386.418,0,141.137064,410.906058,-249.1,-132.558,153.314152,417.372588,joey
up,386.418,0,115.729008,397.385286,-249.916,-133.374,129.18948,404.55249,joey
stop,357.312,0,78.962608,377.75056,-251.092,-134.55,91.237304,384.314698,joey
up,357.312,0,53.602352,364.161046,-251.9,-135.358,66.668704,371.167214,joey
stop,327.612,0,17,343.827394,253.1,-68.279,28.664288,350.76064,joey
up,327.612,0,29.158016,340.559218,253.484,-68.663,17,343.827394,joey
stop,277.518,0,93.545504,323.033931,255.508,-70.687,80.525,326.607756,joey
up,277.518,0,619.747016,166.719612,271.484,-86.663,606.453904,170.937287,joey
stop,247.224,0,595.26708,153.429025,-272.708,-87.887,608.60096,157.706676,joey
up,247.224,0,569.087128,144.991889,-273.476,-88.655,582.45864,149.307172,joey
stop,197.526,0,500.293472,122.588304,-275.484,-90.663,514.037672,127.091454,joey
up,197.526,0,486.80436,118.155421,-275.876,-91.055,500.293472,122.588304,joey
stop,167.034,0,444.287984,104.101479,-277.108,-92.287,457.56152,108.503607,joey
up,167.034,0,416.854328,94.965102,-277.9,-93.079,430.16588,99.405246,joey
stop,137.532,0,375.417712,81.066815,-279.092,-94.271,389.620192,85.843424,joey
up,137.532,0,347.788504,71.734886,-279.884,-95.063,359.522464,75.706364,joey
stop,107.04,0,304.65488,57.063696,-281.116,-96.295,319.52032,62.133623,joey
up,107.04,0,235.637768,33.327729,-283.076,-98.255,248.351888,37.724904,joey
stop,66.648,0,177.807032,17,-284.708,99.887,192.295928,18.263502,joey
up,66.648,0,64.305736,57.285575,-287.884,103.063,78.669936,52.142425,joey
stop,17.148,0,31.77368,85.9700275,289.884,157.3905,17,77.953516,joey
down,17.148,0,118.8066,133.387391,292.276,159.7825,104.49468,125.5676525,joey
stop,96.942,0,237.243464,198.4293745,295.5,163.0065,221.88828,189.9638525,joey
down,96.942,0,266.24088,214.4424275,296.284,163.7905,251.43668,206.2629025,joey
stop,166.242,0,370.43028,272.2591025,299.084,166.5905,356.382168,264.438185,joey
down,166.242,0,400.678568,289.125547,299.892,167.3985,386.292968,281.099635,joey
stop,255.342,0,536.439968,365.264872,303.492,170.9985,521.275368,356.724947,joey
down,255.342,0,581.74908,390.8324525,304.684,172.1905,566.829168,382.404722,joey
stop,325.236,0,560.823152,434.5149992,-307.508,88.31925,576.168552,430.1090367,joey
down,325.236,0,484.41376,456.6641892,-309.492,90.30325,499.550056,452.248934,joey
stop,375.924,0,405.026864,449.0266548,-311.54,-92.35125,422.125264,454.0696735,joey
up,375.924,0,344.825408,431.1286275,-313.084,-93.89525,360.449608,435.79339,joey
stop,345.828,0,297.205856,416.8257655,-314.3,-95.11125,313.517008,421.7391025,joey
up,345.828,0,249.716432,402.4338427,-315.508,-96.31925,265.147512,407.124674,joey
stop,315.93,0,202.044648,387.85956,-316.716,-97.52725,217.850448,392.7059225,joey
up,315.93,0,59.212304,343.4429647,-320.308,-101.11925,75.197704,348.4689272,joey
stop,256.53,0,66.280688,320.6928884,322.708,-52.371625,50.155288,323.2814696,joey
up,256.53,0,471.042408,190.6727415,-339.884,-69.547625,487.667912,194.0517631,joey
up,137.532,0,265.568496,147.6709909,-344.692,-74.355625,282.773096,151.3587721,joey
stop,127.83,0,248.688192,144.0371692,-345.084,-74.747625,265.568496,147.6709909,joey
up,127.83,0,178.554016,128.7812774,-346.708,-76.371625,195.513896,132.494675,joey
stop,58.926,0,57.554016,101.8583359,-349.492,-79.155625,74.301984,105.6301579,joey
down,58.926,0,88.355312,73.56056425,352.316,-81.979625,69.341912,77.952472,joey
stop,117.534,0,192.991312,49.06104325,354.684,-84.347625,175.267112,53.2484245,joey
down,117.534,0,409.758296,35.11864313,359.54,89.203625,390.3548,30.31331137,joey
stop,136.146,0,443.5904,43.53912788,360.292,89.955625,425.5858,39.05134663,joey
down,136.146,0,52.130336,309.8499159,159.876,159.876,44.306016,302.0255959,joey
stop,274.548,0,165.838064,423.5576439,165.468,165.468,158.069904,415.7894839,joey
down,274.548,0,216.174216,454.802496,167.884,-167.884,207.957504,463,joey
stop,323.652,0,258.055464,413.019872,169.868,-169.868,250.080504,420.97716,joey
up,323.652,0,292.189064,378.966416,171.468,-171.468,284.138904,386.998904,joey
stop,233.958,0,370.684904,300.65324,175.092,-175.092,361.590936,309.725576,joey
up,233.958,0,405.333264,266.082696,176.668,-176.668,397.038704,274.359584,joey
stop,204.258,0,431.923464,239.552608,177.868,-177.868,423.217536,248.239328,joey
up,204.258,0,440.826864,230.669208,178.268,-178.268,431.923464,239.552608,joey
stop,95.358,0,540.084264,131.632704,182.668,-182.668,531.872304,139.828464,joey
down,95.358,0,558.383888,17,-189.068,95.914,567.807288,20.163158,joey
stop,154.758,0,501.423984,46.1342,-191.468,98.314,510.967384,41.2285,joey
down,154.758,0,481.702816,56.302978,-192.292,99.138,491.287416,51.356078,joey
stop,213.762,0,424.16316,86.201318,-194.676,101.522,434.060424,81.0341,joey
down,213.762,0,306.158632,148.554518,-199.476,106.322,315.507496,143.56622,joey
stop,243.462,0,276.21016,164.592818,-200.676,107.522,286.413424,159.1196,joey
down,243.462,0,61.094048,282.132778,-209.092,115.938,71.726528,276.230344,joey
stop,282.468,0,19.825376,305.1278,-210.668,117.514,30.119296,299.379218,joey
up,282.468,0,353.579112,424.381064,223.484,-130.33,342.414912,430.867564,joey
stop,242.67,0,398.661,398.10397,225.092,-131.938,387.641096,404.54012,joey
up,242.67,0,432.5148,378.283414,226.292,-133.138,421.2102,384.910314,joey
stop,182.874,0,501.2198,337.832874,228.708,-135.554,488.881232,345.117798,joey
up,182.874,0,575.6016,248.421757,-234.708,-71.589,588.007416,252.182266,joey
stop,114.168,0,493.813944,223.236394,-237.484,-74.365,505.421848,226.851467,joey
up,114.168,0,313.751296,165.512996,-243.484,-80.365,325.6532,169.422069,joey
stop,64.272,0,252.24096,145.108648,-245.5,-82.381,264.48596,149.197698,joey
up,64.272,0,166.214952,116.011171,-248.292,-85.173,176.374752,119.483092,joey
stop,24.474,0,116.227464,98.810602,-249.9,-86.781,128.692464,103.119652,joey
down,24.474,0,157.415,17,257.5,94.381,144.55,17.827974,joey
stop,93.774,0,248.03,50.52335,260.3,97.181,234.505216,45.480754,joey
down,93.774,0,313.355,75.0686,262.3,99.181,299.988104,70.020773,joey
stop,153.372,0,392.669704,105.284485,264.708,101.589,379.444304,100.215035,joey
down,153.372,0,581.373032,207.8236745,-273.092,55.5985,594.997632,205.0537495,joey
stop,242.076,0,458.403816,233.5346185,-276.676,59.1825,472.207616,230.5854935,joey
down,242.076,0,374.604512,251.7725495,-279.092,61.5985,389.084848,248.5802435,joey
stop,301.476,0,290.63712,270.6120995,-281.492,63.9985,305.242256,267.2949935,joey
down,301.476,0,104.786568,360.5701495,291.892,74.3985,89.619,356.7122435,joey
stop,361.272,0,193.302768,383.4033125,294.308,76.8145,177.127928,379.190615,joey
down,361.272,0,370.1312,430.6056185,299.076,81.5825,355.48608,426.61768,joey
stop,408,0,444.849128,451.167665,301.068,83.5745,431.309168,447.4149125,joey
up,408,0,551.0168,446.131657,303.876,-86.3825,535.833,450.420782,joey
stop,367.608,0,613.173968,428.426507,305.508,-88.0145,597.603464,432.8840345,joey
up,367.608,0,546.38124,402.140919,-307.876,-90.3825,560.824904,406.3623885,joey
stop,317.514,0,468.335528,379.1210625,-309.9,-92.4065,485.035136,384.0760215,joey
up,317.514,0,406.896928,360.7461755,-311.484,-93.9905,422.441128,365.4157005,joey
stop,248.214,0,297.527912,327.4998845,-314.284,-96.7905,313.525184,332.404988,joey
up,248.214,0,138.31612,277.9048165,-318.316,-100.8225,154.519024,283.015552,joey
stop,199.704,0,60.184992,253.059596,-320.276,-102.7825,74.892296,257.762199,joey
down,199.704,0,92.511216,255.2120957,161.884,161.884,84.104064,246.8049437,joey
stop,259.104,0,141.436416,304.1372957,164.284,164.284,133.068336,295.7692157,joey
down,259.104,0,174.121464,336.8223437,165.868,165.868,166.003536,328.7044157,joey
stop,299.694,0,208.292504,370.9933837,167.508,167.508,199.425816,362.1266957,joey
down,299.694,0,241.277736,403.9786157,169.076,169.076,233.34,396.0408797,joey
stop,349.788,0,284.31,447.0108797,171.1,171.1,275.252936,437.9538157,joey
down,349.788,0,309.548136,454.4162,172.276,-172.276,300.944336,463,joey
stop,399.09,0,352.692864,411.370888,174.268,-174.268,344.163336,419.881208,joey
up,399.09,0,370.159664,393.944088,175.068,-175.068,361.416264,402.667488,joey
stop,289.2,0,468.554504,295.773608,179.508,-179.508,459.051816,305.253824,joey
up,289.2,0,495.209304,269.177352,180.692,-180.692,486.004416,278.361432,joey
stop,239.502,0,540.815,223.67264,182.7,-182.7,531.143136,233.322032,joey
up,239.502,0,549.410736,215.094576,183.076,-183.076,540.815,223.67264,joey
stop,180.3,0,604.508064,160.116856,185.468,-185.468,596.170104,168.438616,joey
up,180.3,0,623,141.384912,-186.276,-186.276,614.720904,149.928216,joey
stop,100.506,0,547.443576,65.828488,-189.5,-189.5,557.265128,75.65004,joey
down,100.506,0,490.162576,17,-191.908,191.908,499.918672,18.303584,joey
stop,209.01,0,384.01472,123.3668,-196.292,196.292,393.79932,113.5622,joey
down,209.01,0,364.77812,142.641832,-197.076,197.076,374.60192,132.798032,joey
down,327.81,0,245.332856,262.327432,-201.876,201.876,254.995256,252.6466,joey
stop,327.81,0,245.332856,262.327432,-201.876,201.876,254.995256,252.6466,joey
down,327.81,0,214.21248,293.5112,-203.108,203.108,225.14532,282.555032,joey
stop,377.508,0,163.081528,344.743312,-205.116,205.116,174.1228,333.678712,joey
up,377.508,0,209.364032,238.64084,218.276,-218.276,198.460232,249.52464,joey
stop,179.508,0,431.640032,17,226.276,226.276,420.336232,28.049392,joey
down,179.508,0,512.243,97.602968,229.108,229.108,500.7976,86.157568,joey
stop,347.016,0,44.625,264.166186,159.5,159.5,36.66,256.201186,joey
down,347.016,0,84.75,304.291186,161.5,161.5,77.4906,297.031786,joey
stop,408,0,141.765,361.306186,164.3,164.3,133.396104,352.93729,joey
up,408,0,174.785,394.326186,165.9,165.9,166.5,386.041186,joey
stop,348.402,0,225.083304,444.62449,168.308,168.308,216.51,436.051186,joey
up,348.402,0,250.419504,463,169.508,-169.508,241.785,461.326186,joey
stop,289.2,0,301.46,412.078856,171.9,-171.9,293.046504,420.473144,joey
up,289.2,0,336,377.618856,173.5,-173.5,327.335,386.263856,joey
stop,259.302,0,362.289704,351.39012,174.708,-174.708,353.738616,359.922,joey
up,259.302,0,388.41,325.329032,175.9,-175.9,379.800504,333.91932,joey
stop,229.206,0,415.239216,298.561448,177.116,-177.116,406.04,307.739032,joey
up,229.206,0,432.990816,280.849864,177.916,-177.916,423.927504,289.892368,joey
stop,179.904,0,477.539904,236.400016,179.908,-179.908,468.554504,245.365416,joey
up,179.904,0,495.39,218.58916,180.7,-180.7,486.725616,227.235112,joey
stop,160.104,0,513.5,200.519176,181.5,-181.5,504.616104,209.383864,joey
up,160.104,0,550.143104,163.956896,183.108,-183.108,540.815,173.264192,joey
stop,130.602,0,577.515,136.644208,184.3,-184.3,568.31,145.829208,joey
up,130.602,0,605.435504,108.784544,185.508,-185.508,596.170104,118.029944,joey
stop,90.606,0,603.811136,80.824842,-187.124,-93.974,613.695,85.771756,joey
down,90.606,0,481.325768,18.607524,-192.3,-99.15,490.719656,23.437062,joey
stop,140.304,0,432.907416,37.171154,-194.308,101.158,442.592816,32.123254,joey
down,140.304,0,394.160992,57.46,-195.9,102.75,403.536544,52.537216,joey
stop,170.202,0,364.549792,73.066454,-197.108,103.958,373.983328,68.085686,joey
down,170.202,0,264.795816,126.261386,-201.124,107.974,275.221816,120.657554,joey
stop,219.702,0,214.365136,153.504886,-203.124,109.974,224.895136,147.797054,joey
down,219.702,0,91.705256,220.699754,-207.908,114.758,102.484024,214.743154,joey
stop,269.202,0,39.578416,249.639254,-209.908,116.758,50.252512,243.695,joey
down,269.202,0,490.2066,255.54457,-164.708,164.708,498.575496,247.154866,joey
stop,318.9,0,448.714,297.138282,-166.716,166.716,457.51624,288.31357,joey
down,318.9,0,381.716992,364.29477,-169.908,169.908,390.51976,355.47037,joey
stop,377.706,0,331.019536,415.110282,-172.284,172.284,338.748016,407.365602,joey
up,377.706,0,287.625296,458.60557,-174.292,174.292,296.482976,449.727082,joey
stop,308.01,0,225.92056,409.999864,-177.108,-177.108,234.921856,419.00116,joey
up,308.01,0,182.028504,366.107808,-179.084,-179.084,190.774808,374.854112,joey
stop,199.11,0,82.542864,266.622168,-183.484,-183.484,91.687064,275.766368,joey
up,199.11,0,54.9906,239.069904,-184.684,-184.684,64.011304,248.090608,joey
stop,159.51,0,17.973816,202.05312,-186.284,-186.284,27.258016,211.33732,joey
down,159.51,0,275.9508,94.38524,197.492,197.492,266.0862,84.52064,joey
stop,228.81,0,345.563,163.99744,200.292,200.292,335.5584,153.99284,joey
down,228.81,0,385.579512,204.013952,201.884,201.884,375.6968,194.13124,joey
stop,288.408,0,446.709,265.14344,204.292,204.292,436.5044,254.93884,joey
down,288.408,0,487.933296,306.367736,205.9,205.9,477.4428,295.87724,joey
stop,328.008,0,529.273296,347.707736,207.5,207.5,518.7012,337.13564,joey
down,328.008,0,581.398296,399.832736,209.5,209.5,570.7242,389.15864,joey
stop,397.308,0,591.305048,457.815236,-212.3,106.75,602.101136,452.38139,joey
up,397.308,0,527.161264,436.060612,-214.708,-109.158,538.08016,441.596458,joey
stop,308.208,0,429.912696,386.309544,-218.308,-112.758,440.798096,391.917444,joey
up,308.208,0,397.13664,369.365988,-219.508,-113.958,408.08204,375.033888,joey
stop,249.006,0,331.2654,335.054198,-221.9,-116.35,342.3304,340.841698,joey
up,249.006,0,297.950416,317.571714,-223.1,-117.55,308.853504,323.302852,joey
stop,179.706,0,219.51548,276.079278,-225.9,-120.35,230.555768,281.947616,joey
up,179.706,0,139.872616,233.484464,-228.708,-123.158,151.505512,239.73431,joey
stop,120.306,0,71.020376,196.297224,-231.108,-125.558,82.545776,202.545124,joey
down,120.306,0,206.285912,60.338378,239.516,-133.966,194.081,67.139432,joey
stop,169.212,0,265.6904,27.10238,241.492,-135.942,254.108,33.599948,joey
down,169.212,0,388.172912,72.483162,245.516,139.966,375.907112,65.494862,joey
stop,218.91,0,450.049432,107.866632,247.524,141.974,437.189,100.4948,joey
down,218.91,0,574.811432,179.853632,251.524,145.974,561.994112,172.419362,joey
stop,248.412,0,612.377312,201.692562,252.716,147.166,598.9946,193.904,joey
down,248.412,0,571.54004,238.734062,-254.716,149.166,584.499344,231.137,joey
stop,327.81,0,468.916656,299.192832,-257.924,152.374,482.039568,291.432162,joey
down,327.81,0,430.198312,322.138932,-259.124,153.574,444.156016,313.8576,joey
stop,367.212,0,378.553648,352.858562,-260.716,155.166,391.818952,344.9555,joey
down,367.212,0,326.069256,384.208532,-262.324,156.774,339.155456,376.379832,joey
stop,408,0,260.338592,423.652032,-264.324,158.774,273.524792,415.723332,joey
up,408,0,180.80168,454.491486,-266.724,-161.174,194.904344,463,joey
stop,379.29,0,142.098816,431.093372,-267.884,-162.334,155.19632,439.018926,joey
up,379.29,0,100.81308,406.062336,-269.116,-163.566,114.774664,414.53532,joey
stop,329.79,0,33.384336,365.021092,-271.116,-165.566,47.719776,373.762382,joey
up,329.79,0,139.345688,273.47771,275.492,-169.942,125.581088,281.94481,joey
stop,220.692,0,292.356184,178.84644,279.9,-174.35,278.091688,187.707078,joey
up,220.692,0,349.0592,143.546268,281.516,-175.966,334.150088,152.838758,joey
stop,132.384,0,475.411,64.446808,285.084,-179.534,462.020888,72.858398,joey
down,132.384,0,565.020112,99.6875,-291.1,185.55,578.965264,90.790316,joey
stop,181.884,0,492.095352,146.325,-293.1,187.55,506.42844,137.144654,joey
down,181.884,0,463.078456,164.931654,-293.892,188.342,477.450352,155.7125,joey
stop,281.676,0,314.144696,260.872086,-297.924,192.374,330.1976,250.495554,joey
down,281.676,0,270.321312,289.2375,-299.1,193.55,284.9484,279.763154,joey
stop,370.776,0,135.09652,377.145,-302.7,197.15,149.900008,367.494254,joey
down,370.776,0,89.35844,407.005854,-303.908,198.358,104.826536,396.9,joey
stop,408,0,46.711488,463,306.692,-100.959,31.386888,461.763153,joey
up,408,0,389.228184,347.436881,315.5,-109.767,374.0934,352.678049,joey
stop,377.904,0,437.2766,330.721561,316.716,-110.983,421.4508,336.240711,joey
up,377.904,0,499.824888,308.780442,318.292,-112.559,483.920288,314.378392,joey
stop,288.606,0,606.614312,257.383921,-321.9,-116.167,623,263.277226,joey
up,288.606,0,542.477112,234.187588,-323.492,-117.759,557.97708,239.812372,joey
stop,159.312,0,329.794104,155.848229,-328.716,-122.983,345.872376,161.845584,joey
up,159.312,0,264.959504,131.54303,-330.292,-124.559,281.115,137.617609,joey
stop,109.812,0,182.236616,100.253392,-332.292,-126.559,199.152296,106.676689,joey
up,109.812,0,149.00748,87.597556,-333.092,-127.359,164.968248,93.68314,joey
up,12,0,85.432112,22.8403495,337.916,-66.9035,67.5338,26.352527,joey
up,12,0,118.586296,17,338.7,67.6875,102.337912,19.5051745,joey
stop,12,0,118.586296,17,338.7,67.6875,102.337912,19.5051745,joey
down,12,0,169.1414,27.1742415,339.892,68.8795,152.1568,23.7402665,joey
stop,71.4,0,271.469,48.1980915,342.292,71.2795,254.3644,44.6441165,joey
up,71.4,0,374.171912,69.868266,344.684,73.6715,357.636296,66.34125,joey
stop,61.302,0,391.7612,73.6359165,345.092,74.0795,374.171912,69.868266,joey
down,61.302,0,600.9562,119.6813915,349.908,78.8955,583.121296,115.668125,joey
stop,130.404,0,535.874864,137.819891,-352.7,41.83575,552.776816,135.820991,joey
down,130.404,0,411.015928,153.0863467,-355.524,44.65975,430.179232,150.6863842,joey
stop,169.212,0,341.256536,161.9933217,-357.092,46.22775,358.013352,159.8294535,joey
down,169.212,0,89.654104,217.6838467,365.892,55.02775,71.369504,214.9424592,joey
stop,228.612,0,199.781704,234.5521717,368.292,57.42775,181.377104,231.6907842,joey
down,228.612,0,329.173904,255.1418842,371.092,60.22775,311.370704,252.2601682,joey
stop,278.112,0,422.196904,270.4488217,373.092,62.22775,404.670416,267.5329535,joey
down,278.112,0,508.375432,326.4395285,-379.916,69.05175,528.098616,322.8596535,joey
stop,327.018,0,414.389784,343.7393467,-381.892,71.02775,433.07368,340.268591,joey
down,327.018,0,278.842336,369.3844342,-384.724,73.85975,299.58244,365.4076717,joey
stop,395.526,0,145.386008,395.4187717,-387.492,76.62775,164.730608,391.5973842,joey
up,395.526,0,332.587,437.4791797,396.708,-85.84375,312.7616,441.7413673,joey
stop,366.222,0,391.3874,424.7451207,397.892,-87.02775,371.5028,429.0665082,joey
up,366.222,0,471.525296,407.171891,399.5,-88.63575,451.560296,411.5736785,joey
stop,326.82,0,551.1842,389.4542607,401.092,-90.22775,532.341712,393.668457,joey
up,326.82,0,462.247256,334.1180107,-405.892,-95.02775,482.107152,338.7455585,joey
stop,286.824,0,380.175696,314.8410292,-407.508,-96.64375,401.333664,319.8340562,joey
up,286.824,0,278.557744,290.6282755,-409.5,-98.63575,299.411032,295.6274867,joey
stop,197.724,0,93.653176,245.61262,-413.1,-102.23575,113.866264,250.5933597,joey
up,197.724,0,121.339696,198.9766125,416.7,-105.83575,100.0984,204.3430237,joey
stop,79.122,0,372.3782,134.3856102,421.492,-110.62775,351.3136,139.8869977,joey
up,79.122,0,499.609696,100.8452055,423.9,-113.03575,478.424696,106.466993,joey
stop,12,0,580.795544,60.86562712,-427.1,-58.513875,601.268696,63.64664512,joey
down,12,0,494.439776,48.96425637,-428.716,-60.129875,515.845576,51.94075012,joey
stop,70.806,0,366.87604,30.8705995,-431.092,-62.505875,387.970736,33.90457537,joey
up,70.806,0,236.875976,20.17117588,-433.5,64.913875,258.088664,17,joey
stop,12,0,84.801296,43.38103213,-436.3,67.713875,105.280888,40.207316,joey
down,12,0,102.986768,71.03567225,439.492,70.905875,81.461264,67.57088838,joey
stop,91.794,0,280.75168,100.2603759,442.716,74.129875,257.298968,96.3427285,joey
down,91.794,0,457.140368,130.3203723,445.892,77.305875,434.855768,126.4650785,joey
stop,101.892,0,479.891264,134.2733759,446.3,77.713875,457.140368,130.3203723,joey
down,101.892,0,614.589968,158.0276563,448.708,80.121875,593.509528,154.2707641,joey
stop,180.894,0,465.465064,190.6330884,-451.9,83.313875,488.030064,186.4773946,joey
down,180.894,0,330.108824,215.901541,-454.292,85.705875,352.34032,211.7115571,joey
stop,240.69,0,192.669728,242.1495313,-456.708,88.121875,215.019608,237.8411634,joey
down,240.69,0,87.457112,291.9190884,461.116,92.529875,63.489896,287.1183509,joey
stop,289.794,0,202.059896,315.1125134,463.1,94.513875,178.4522,310.3027098,joey
down,289.794,0,294.3752,334.0791785,464.692,96.105875,272.0792,329.4753125,joey
stop,389.388,0,529.127312,383.4324696,468.716,100.129875,504.764896,378.2365321,joey
down,389.388,0,458.847696,444.635641,-473.492,104.905875,482.019992,439.5048571,joey
stop,408,0,363.595072,463,-475.1,-106.513875,386.372224,460.7798759,joey
up,408,0,221.301792,430.9139714,-477.492,-108.905875,244.670088,436.2215472,joey
stop,377.31,0,147.258568,414.0015967,-478.732,-110.145875,173.075104,419.914482,joey
up,377.31,0,17,381.1649617,481.1,-112.513875,28.385592,386.5379797,joey
stop,308.01,0,185.875,341.4356335,483.9,-115.313875,162.657016,346.9430515,joey
up,308.01,0,597.964712,231.7816081,-491.5,-61.6609375,623,234.8951039,joey
up,189.21,0,301.864744,193.5850776,-496.3,-66.4609375,327.144832,196.9433734,joey
stop,179.112,0,276.563848,190.2059737,-496.708,-66.8689375,301.864744,193.5850776,joey
up,179.112,0,177.639776,176.8198752,-498.3,-68.4609375,202.027664,180.1456491,joey
stop,118.92,0,25.910432,155.7616062,-500.732,-70.8929375,52.41552,159.4852239,joey
down,118.92,0,521.289928,45.46411456,-512.3,-82.4609375,546.363816,49.4758885,joey
stop,168.42,0,393.064976,24.69892819,-514.3,-84.4609375,418.749976,28.89197506,joey
up,168.42,0,264.340008,29.70860275,-516.3,86.4609375,289.609896,25.48162081,joey
up,59.322,0,42.505088,80.77966828,520.708,136.1074063,17,74.12000938,joey
up,39.522,0,94.615888,94.43040891,521.508,136.9074063,68.550488,87.59503859,joey
up,19.722,0,146.806688,108.1611495,522.308,137.7074063,121.2232,101.4230906,joey
up,12,0,173.97752,115.3327507,522.724,138.1234063,146.806688,108.1611495,joey
stop,12,0,198.554384,121.8333868,523.1,138.4994063,173.97752,115.3327507,joey
down,12,0,330.6296,156.9892531,525.116,140.5154063,304.3838,149.9734828,joey
down,130.602,0,5,459.6531287,157.5,157.5,646.609288,242.5931855,joey
down,150.6,0,20.948304,455.1146,158.308,-158.308,13.042904,463,joey
down,160.5,0,28.873704,447.2092,158.708,-158.708,20.948304,455.1146,joey
down,180.102,0,44.625,431.497144,159.5,-159.5,36.500904,439.600432,joey
stop,180.102,0,44.625,431.497144,159.5,-159.5,36.500904,439.600432,joey
down,180.102,0,84.911504,391.311496,161.508,-161.508,76.685,399.517192,joey
stop,229.404,0,125.375,350.947224,163.5,-163.5,117.373104,358.929912,joey
up,229.404,0,150.319416,326.064456,164.716,-164.716,141.929304,334.43376,joey
stop,140.502,0,225.083304,251.48,168.308,-168.308,216.845816,259.69828,joey
up,140.502,0,259.074816,217.569312,169.916,-169.916,250.419504,226.203816,joey
stop,81.498,0,310.065,166.697672,172.3,-172.3,301.803816,174.940424,joey
up,81.498,0,344.511104,132.330888,173.892,-173.892,336.347016,140.477304,joey
stop,61.698,0,361.940304,114.941752,174.692,-174.692,353.564304,123.29932,joey
up,61.698,0,406.216704,70.767,176.708,-176.708,397.391304,79.5724,joey
stop,22.494,0,441.361704,35.700432,178.292,-178.292,432.457104,44.585032,joey
down,22.494,0,540.815,89.260496,182.7,182.7,532.236936,80.682432,joey
stop,61.896,0,577.330704,125.7762,184.292,184.292,568.677816,117.123312,joey
down,61.896,0,605.064504,153.51,185.492,185.492,595.799904,144.2454,joey
stop,211.188,0,500.45964,235.089732,-191.524,98.362,510.00584,230.181632,joey
down,211.188,0,462.074872,254.922132,-193.124,99.962,471.892984,249.834474,joey
stop,260.688,0,413.64408,280.162632,-195.124,101.962,423.37028,275.074532,joey
down,260.688,0,365.695008,305.383422,-197.084,103.922,374.539488,300.715032,joey
stop,310.188,0,316.27428,331.613922,-199.084,105.922,325.20876,326.855532,joey
down,310.188,0,285.384328,348.127932,-200.324,107.162,296.166832,342.352848,joey
stop,368.796,0,225.855128,380.198348,-202.692,109.53,235.959728,374.731848,joey
down,368.796,0,205.180544,391.412024,-203.508,110.346,215.52824,385.794782,joey
stop,408,0,154.563024,419.023848,-205.492,112.33,164.60332,413.529282,joey
down,408,0,112.97204,441.877724,-207.108,113.946,123.503336,436.076882,joey
stop,408,0,71.678416,463,-208.7,-115.538,81.668368,459.174774,joey
up,408,0,19.353448,433.965532,-210.7,-117.538,30.067936,439.928758,joey
stop,348.798,0,70.023,413.325004,213.092,-60.965,60.016512,416.163851,joey
up,348.798,0,124.191312,397.747375,215.116,-62.989,113.016096,400.990355,joey
stop,289.992,0,188.4336,378.804702,217.492,-65.365,177.786096,381.978775,joey
up,289.992,0,265.0458,355.577384,220.292,-68.165,254.920832,358.687582,joey
stop,260.292,0,298.1796,345.322634,221.492,-69.365,287.115,348.760884,joey
up,260.292,0,376.6404,320.552186,224.308,-72.181,364.9872,324.27315,joey
stop,210.99,0,432.741096,302.430353,226.3,-74.173,421.436096,306.109003,joey
up,210.99,0,523.6716,272.358082,229.492,-77.365,512.207,276.196332,joey
stop,181.29,0,558.1854,260.723444,230.692,-78.565,547.1214,264.466916,joey
up,181.29,0,604.4838,244.930444,232.292,-80.165,592.8792,248.908694,joey
stop,141.492,0,599.690016,232.785181,-233.9,-41.2865,611.587704,234.8595805,joey
up,141.492,0,563.872216,226.4372465,-235.124,-42.5105,575.598416,228.5327715,joey
stop,82.488,0,493.568528,213.5323815,-237.508,-44.8945,505.886496,215.8344475,joey
down,82.488,0,434.519152,202.2511535,-239.492,-46.8785,446.225448,204.519388,joey
stop,121.89,0,386.781256,192.843344,-241.084,-48.4705,397.845728,195.047595,joey
down,121.89,0,337.275088,182.8229435,-242.724,-50.1105,349.6228,185.347367,joey
stop,160.698,0,289.624432,172.9245335,-244.292,-51.6785,301.809032,175.4784585,joey
up,160.698,0,239.950856,162.351498,-245.916,-53.3025,251.971928,164.9345085,joey
stop,111.198,0,178.322208,148.876225,-247.916,-55.3025,191.428048,151.7735495,joey
up,111.198,0,104.456344,132.2165705,-250.292,-57.6785,115.944384,134.8443895,joey
stop,61.698,0,41.733344,117.6469455,-252.292,-59.6785,54.317944,120.6008705,joey
up,61.698,0,170.2952,74.1923475,257.892,-65.2785,157.4106,77.4262725,joey
stop,31.998,0,209.069,64.3705885,259.092,-66.4785,196.383096,67.599223,joey
down,31.998,0,446.82336,31.87211,266.332,73.7185,433.250832,28.1228705,joey
stop,60.906,0,485.793096,42.720275,267.5,74.8865,472.428096,38.98595,joey
down,60.906,0,579.6378,69.3428675,270.292,77.6785,566.403096,65.546225,joey
stop,80.904,0,606.978096,77.2292,271.1,78.4865,593.433096,73.314875,joey
down,80.904,0,569.083848,101.0542675,-273.492,80.8785,582.728448,97.0203425,joey
stop,150.204,0,473.011856,129.8517425,-276.292,83.6785,486.796456,125.6778175,joey
down,150.204,0,389.050584,155.573564,-278.716,86.1025,402.956384,151.278439,joey
stop,189.408,0,333.786672,172.778675,-280.3,87.6865,346.934264,168.6662455,joey
down,189.408,0,235.614104,203.8684675,-283.092,90.4785,249.174872,199.5347155,joey
stop,238.908,0,164.691152,226.7380925,-285.092,92.4785,178.915752,222.1241675,joey
down,238.908,0,17,279.101939,289.516,96.9025,21.057376,274.073825,joey
stop,307.614,0,117.943688,313.2087425,292.292,99.6785,104.50672,308.6319955,joey
down,307.614,0,221.91632,348.9961955,295.124,102.5105,206.8754,343.778564,joey
stop,356.322,0,294.758888,374.4558425,297.092,104.4785,280.210984,369.346,joey
down,356.322,0,415.1366,417.210314,300.316,107.7025,399.530984,411.6206,joey
stop,386.22,0,460.57552,433.5645955,301.524,108.9105,444.304888,427.6950925,joey
up,386.22,0,607.409912,429.2639755,-306.3,-113.6865,623,435.030775,joey
stop,356.718,0,561.741616,412.295091,-307.492,-114.8785,576.779912,417.8953255,joey
up,356.718,0,484.718664,383.425514,-309.492,-116.8785,500.163264,389.239439,joey
stop,307.02,0,406.88512,353.9379585,-311.5,-118.8865,422.43012,359.8522835,joey
up,307.02,0,344.505136,330.0806745,-313.1,-120.4865,360.130136,336.0749995,joey
stop,217.92,0,202.98036,275.2319735,-316.7,-124.0865,218.469848,281.2834,joey
up,217.92,0,108.048872,237.891922,-319.092,-126.4785,122.701712,243.684541,joey
stop,138.324,0,48.869288,192.9435507,322.308,-65.24325,32.441984,196.2397445,joey
up,138.324,0,505.954608,39.29738825,-339.092,-82.02725,522.879208,43.36875075,joey
stop,69.024,0,386.92244,21.14693125,-341.892,84.82725,403.646336,17,joey
down,69.024,0,249.68612,55.71783125,-345.092,88.02725,266.91072,51.32646875,joey
stop,99.714,0,196.165216,69.458155,-346.332,89.26725,215.177176,64.56055625,joey
up,99.714,0,127.513208,87.2898865,-347.916,90.85125,145.572392,82.5764375,joey
stop,60.708,0,58.89616,105.3428188,-349.492,92.42725,76.34076,100.7314563,joey
down,60.708,0,33.843968,124.1763393,351.108,94.04325,17,119.6714793,joey
stop,189.21,0,263.397864,186.8952125,356.3,99.23525,245.592864,181.94345,joey
down,189.21,0,280.866168,191.7673438,356.692,99.62725,263.397864,186.8952125,joey
stop,268.608,0,424.542864,232.361075,359.9,102.83525,406.557864,227.2293125,joey
down,268.608,0,587.307864,279.4469375,363.5,106.43525,569.86908,274.3472615,joey
stop,308.802,0,585.477104,295.6955139,-365.124,54.441625,604.067216,292.929395,joey
down,308.802,0,401.747168,323.974772,-369.132,58.449625,421.645304,320.8301563,joey
stop,357.51,0,310.795576,338.5954438,-371.1,60.417625,329.320576,335.5845625,joey
down,357.51,0,161.12872,363.529745,-374.316,63.633625,180.187624,360.2948341,joey
stop,386.616,0,106.07552,372.9703239,-375.492,64.809625,124.445816,369.8042563,joey
up,386.616,0,604.663984,416.675041,-390.692,-80.009625,623,420.4089854,joey
stop,327.018,0,486.824208,392.3506599,-393.1,-82.417625,506.449208,396.4415411,joey
up,327.018,0,348.889256,363.1545391,-395.9,-85.217625,368.654256,367.3854204,joey
stop,307.218,0,309.299256,354.6327766,-396.7,-86.017625,329.104256,358.9036579,joey
up,307.218,0,190.049416,328.5876491,-399.1,-88.417625,208.780608,332.7167695,joey
stop,257.718,0,90.124544,306.3333709,-401.1,-90.417625,110.149544,310.8242521,joey
up,257.718,0,548.509336,162.0032685,413.124,-102.441625,527.037704,167.297785,joey
stop,208.218,0,601.446,138.9476725,-415.124,-52.4288125,623,141.6415227,joey
up,208.218,0,561.594112,133.9145225,-415.892,-53.1968125,581.944008,136.4923543,joey
stop,129.018,0,394.75768,112.1561655,-419.092,-56.3968125,413.59252,114.6697221,joey
up,129.018,0,289.414504,97.84948156,-421.1,-58.4048125,309.179696,100.5679997,joey
stop,20.316,0,57.244688,64.7993235,-425.492,-62.7968125,78.064984,67.84755531,joey
down,20.316,0,338.134352,23.99089806,432.316,69.6208125,315.23284,20.312231,joey
stop,79.32,0,467.319736,45.09311619,434.7,72.0048125,445.594736,41.50287556,joey
down,79.32,0,491.82716,97.45648494,-440.3,77.6048125,513.373048,93.66345313,joey
stop,138.918,0,359.05528,121.1779375,-442.708,80.0128125,381.16068,117.1872969,joey
down,138.918,0,113.683456,166.563826,-447.124,84.4288125,136.901456,162.1843438,joey
stop,178.122,0,25.074536,183.4375469,-448.708,86.0128125,47.032416,179.2325231,joey
down,178.122,0,507.409984,324.2459172,-461.924,50.61840625,530.015448,321.7752193,joey
stop,286.824,0,252.827616,353.2410262,-466.316,55.01040625,276.113416,350.5005059,joey
down,286.824,0,182.850232,361.5825871,-467.516,56.21040625,205.729704,358.8378812,joey
stop,346.422,0,41.88632,378.8643234,-469.924,58.61840625,65.35252,375.9434031,joey
up,346.422,0,550.8014,449.0363187,-482.324,-71.01840625,574.8876,452.5572391,joey
stop,296.922,0,430.070448,431.1317652,-484.324,-73.01840625,454.256648,434.7526855,joey
down,296.922,0,333.610824,416.5219543,-485.916,-74.61040625,356.907144,420.0756058,joey
stop,336.72,0,235.861072,401.4446267,-487.524,-76.21840625,259.720936,405.1505166,joey
up,336.72,0,113.830232,382.2401851,-489.524,-78.21840625,137.788096,386.044075,joey
stop,316.92,0,64.877976,374.4184885,-490.324,-79.01840625,90.83144,378.572756,joey
up,316.92,0,337.9258,313.1205974,496.332,-85.02640625,313.1192,317.3419177,joey
up,198.912,0,623,261.2611313,-501.1,-44.89720313,610.61624,265.6322452,joey
up,178.716,0,571.887816,256.6816326,-501.916,-45.71320313,597.955,259.0262711,joey
stop,168.618,0,546.300504,254.3606632,-502.324,-46.12120313,571.887816,256.6816326,joey
up,168.618,0,93.364504,210.1823692,-509.492,-53.28920313,118.3008,212.7647282,joey
stop,128.622,0,43.5668,200.7531015,511.108,-27.66060156,17,202.1590047,joey
down,128.622,0,68.479304,282.8072727,160.692,160.692,59.973864,274.3018327,joey
down,237.324,0,157.904816,372.2327847,165.084,165.084,149.99,364.3179687,joey
down,257.124,0,174.453216,388.7811847,165.884,165.884,165.838064,380.1660327,joey
down,277.122,0,191.248304,405.5762727,166.692,166.692,182.591136,396.9191047,joey
down,287.022,0,199.592904,413.9208727,167.092,167.092,191.248304,405.5762727,joey
down,306.624,0,216.174216,430.5021847,167.884,167.884,207.455064,421.7830327,joey
down,326.028,0,232.665264,446.9932327,168.668,168.668,224.241864,438.5698327,joey
stop,336.324,0,241.446816,455.7747847,169.084,169.084,232.665264,446.9932327,joey